{
  "test_week": "WEEK-2022-41",
  "test_week_num": 41,
  "train_week": 33,
  "loss": 0.5631397985909,
  "total_samples": 320768,
  "accuracy": 85.10792847166799,
  "reweighted_accuracy": 85.65356775022407,
  "top3_accuracy": 94.31863527533919,
  "top5_accuracy": 96.62715732242619,
  "top10_accuracy": 98.25450169592976,
  "reweighted_top3_accuracy": 94.85472455941185,
  "reweighted_top5_accuracy": 97.14654394800381,
  "reweighted_top10_accuracy": 98.57600182238514,
  "macro_f1": 73.67436273921457,
  "reweighted_macro_f1": 74.93373141328372,
  "js_divergence": 0.1829170838493235,
  "weight_mean": 1.0000000000000002,
  "weight_std": 0.848878436514681,
  "weight_max": 22.57196419074995,
  "weight_min": 0.008027632827594567,
  "n_classes_in_test": 180,
  "n_classes_in_train": 180,
  "importance_weights": {
    "0": 0.7155216335823149,
    "1": 1.6323975700303601,
    "2": 1.5741823082511692,
    "3": 0.9993411804574052,
    "4": 0.8149414556743112,
    "5": 1.0828486780050732,
    "6": 1.0048442740991448,
    "7": 0.4589130099774894,
    "8": 1.5230720911344569,
    "9": 0.9769248278092227,
    "10": 1.1765182958496254,
    "11": 1.114307908155375,
    "12": 1.6236554064348385,
    "13": 0.926824314268263,
    "14": 0.9089794011185717,
    "15": 0.6959674124824177,
    "16": 0.4136809615080402,
    "17": 1.0138169185936958,
    "18": 0.429723031966577,
    "19": 0.5158115613300267,
    "20": 0.9022941353197707,
    "21": 0.4909356128051498,
    "22": 0.8855508192532654,
    "23": 0.559515716246383,
    "24": 0.5968899837802452,
    "25": 1.1613218770346754,
    "26": 1.1365661497107327,
    "27": 0.21253189098441339,
    "28": 1.0769537509688454,
    "29": 0.8711347466489013,
    "30": 21.884786657627807,
    "31": 3.243767556905923,
    "32": 1.5978356622562346,
    "33": 2.054182044661143,
    "34": 0.3303760701750205,
    "35": 0.8810865795588902,
    "36": 0.6276310283515665,
    "37": 1.157935862675344,
    "38": 22.57196419074995,
    "39": 2.2788267204514714,
    "40": 1.4178171384205076,
    "41": 1.341633242072439,
    "42": 0.4317776617054051,
    "43": 2.5275691198883865,
    "44": 0.17846617054680147,
    "45": 1.8221304958659783,
    "46": 1.7710340767825734,
    "47": 0.589009109928285,
    "48": 0.616254613398343,
    "49": 1.5600304376298084,
    "50": 0.44222173318802793,
    "51": 8.254693990529915,
    "52": 1.3374937263306284,
    "53": 0.803744731290462,
    "54": 0.6353140344312813,
    "55": 0.7633122032493777,
    "56": 1.1241943548765332,
    "57": 1.6439899801101001,
    "58": 1.2309873214064544,
    "59": 0.7777598525643166,
    "60": 0.8421501978360237,
    "61": 0.4436304825359162,
    "62": 0.7339519650123216,
    "63": 0.429658361422716,
    "64": 0.8379938000374828,
    "65": 1.2006924806503945,
    "66": 0.8353121043678934,
    "67": 0.9725711654751212,
    "68": 0.3832150038271915,
    "69": 1.4753239944818752,
    "70": 0.6800804458204994,
    "71": 0.7300463087294959,
    "72": 1.4252939528161503,
    "73": 1.0218776365559141,
    "74": 1.1606108088707612,
    "75": 1.2871086888908914,
    "76": 1.7527539364682783,
    "77": 0.9618341361191578,
    "78": 1.7136597332487449,
    "79": 2.079793465796271,
    "80": 0.9034166977666975,
    "81": 1.6377081950266377,
    "82": 0.975190146202165,
    "83": 1.6017868633967902,
    "84": 0.9878335719075573,
    "85": 1.298814807597704,
    "86": 0.581687139919519,
    "87": 0.36748642281572047,
    "88": 1.4337787463189007,
    "89": 1.7718649033879903,
    "90": 1.077697970799267,
    "91": 0.8997431135700925,
    "92": 1.2425442508415778,
    "93": 0.775984611666663,
    "94": 1.069500454736822,
    "95": 0.5423517390643057,
    "96": 16.614524075511554,
    "97": 0.9620596300520867,
    "98": 1.0752466876602607,
    "99": 1.2404397283295048,
    "100": 1.0501634266501167,
    "101": 0.6721899386060711,
    "102": 1.2401909348537374,
    "103": 0.8142759181494024,
    "104": 0.9891611448539341,
    "105": 0.9095010673930289,
    "106": 0.5564792202139154,
    "107": 1.2552909797919969,
    "108": 1.1379998344764166,
    "109": 1.4865231059535509,
    "110": 1.1269275124043994,
    "111": 0.9458812023831243,
    "112": 0.591625152680489,
    "113": 1.6488208929908124,
    "114": 0.6296068275109259,
    "115": 4.329744485439792,
    "116": 1.0374287887653764,
    "117": 1.4248156309777291,
    "118": 0.8222492886738549,
    "119": 0.5315553977637456,
    "120": 1.7913445802310477,
    "121": 1.0363941568185508,
    "122": 0.04916925106901673,
    "123": 1.0888400267680025,
    "124": 0.6924606390921616,
    "125": 1.24700420320055,
    "126": 1.378210993695041,
    "127": 2.1192207365513767,
    "128": 0.015425647394201327,
    "129": 0.35122243126725106,
    "130": 0.6541000369484345,
    "131": 0.9653260662964455,
    "132": 1.025731744789057,
    "133": 1.3909916699834746,
    "134": 0.8943011243859615,
    "135": 1.2556599404652848,
    "136": 1.2193360608316535,
    "137": 0.9760675018590533,
    "138": 1.2755134443983318,
    "139": 3.9062238349274403,
    "140": 2.2766046921125187,
    "141": 1.0011858098468218,
    "142": 0.20033906115081762,
    "143": 0.9439679270654011,
    "144": 1.0292406601832917,
    "145": 1.054045468280842,
    "146": 1.5409947794052856,
    "147": 1.5674561249880483,
    "148": 1.352967350966376,
    "149": 0.008027632827594567,
    "150": 1.2719375093540368,
    "151": 0.7663504240220677,
    "152": 1.496266491094719,
    "153": 1.0113721974274161,
    "154": 0.6949254151087697,
    "155": 0.5078440210391992,
    "156": 0.5485232426949874,
    "157": 0.6937525916031868,
    "158": 1.1523509947508899,
    "159": 1.4087380663424633,
    "160": 0.6596054533948305,
    "161": 0.9115030705789293,
    "162": 1.062703319401135,
    "163": 2.5568010555888696,
    "164": 1.3177359286496484,
    "165": 0.657598785884974,
    "166": 1.0843973800719702,
    "167": 1.512197697261114,
    "168": 1.0163895529903535,
    "169": 0.3196001319486087,
    "170": 1.1362450957697425,
    "171": 1.506753345890497,
    "172": 1.0906239177516117,
    "173": 1.0840896494500931,
    "174": 1.0824020800617833,
    "175": 2.676517492974302,
    "176": 0.7097923382666457,
    "177": 1.2798752821731556,
    "178": 0.705287966946971,
    "179": 1.3496111672737003
  },
  "p_train": {
    "72": 0.04433604056888327,
    "99": 0.035817016547124006,
    "118": 0.03368020938461998,
    "102": 0.032488666031449384,
    "96": 0.029730948284565895,
    "123": 0.02961342900016228,
    "135": 0.029347324463999652,
    "97": 0.02757799499429163,
    "25": 0.02635681634331491,
    "151": 0.02447405521648687,
    "78": 0.023987218807009627,
    "103": 0.02391793352455254,
    "98": 0.023903831210424102,
    "155": 0.022328050892594733,
    "177": 0.022260400661051085,
    "83": 0.021497445028566382,
    "140": 0.01888606433843592,
    "94": 0.018151313334208087,
    "133": 0.018091633975867466,
    "79": 0.017266342027307802,
    "84": 0.015022234648609164,
    "131": 0.015010993673579253,
    "29": 0.014711370593691075,
    "125": 0.014372301910516116,
    "61": 0.014310169975805333,
    "144": 0.014156679571306001,
    "158": 0.013870545661453716,
    "100": 0.013377169048322703,
    "138": 0.01173843927032583,
    "87": 0.010632736090110926,
    "116": 0.010624356454179537,
    "52": 0.010315740594267429,
    "76": 0.009999562623880654,
    "101": 0.008987874871188645,
    "50": 0.00884255972125652,
    "18": 0.008526994894962286,
    "62": 0.008353883879501653,
    "134": 0.008235751451005495,
    "57": 0.007369991992338151,
    "74": 0.007341378601352923,
    "19": 0.006962864314891185,
    "17": 0.005957716765852943,
    "64": 0.005603728243092829,
    "51": 0.00558431201349571,
    "28": 0.005422237591700809,
    "80": 0.005407522133479834,
    "63": 0.005406091463930573,
    "88": 0.005193943607911521,
    "73": 0.005154498004624741,
    "136": 0.004873269247512781,
    "39": 0.004468594146435977,
    "14": 0.004346987234748756,
    "174": 0.004238256349004888,