{
  "test_week": "WEEK-2022-34",
  "test_week_num": 34,
  "train_week": 33,
  "loss": 0.4195242225752929,
  "total_samples": 231424,
  "accuracy": 88.74274059734513,
  "reweighted_accuracy": 89.26406141753388,
  "top3_accuracy": 96.32708794247787,
  "top5_accuracy": 97.98249101216814,
  "top10_accuracy": 99.0411538993363,
  "reweighted_top3_accuracy": 96.5995081914545,
  "reweighted_top5_accuracy": 98.14705459415742,
  "reweighted_top10_accuracy": 99.11210920777049,
  "macro_f1": 79.67609666828429,
  "reweighted_macro_f1": 79.97342334250375,
  "js_divergence": 0.05454130749623491,
  "weight_mean": 1.0000000000000002,
  "weight_std": 0.2060430570392291,
  "weight_max": 9.784846218021016,
  "weight_min": 0.2989464862956283,
  "n_classes_in_test": 180,
  "n_classes_in_train": 180,
  "importance_weights": {
    "0": 0.711720286577115,
    "1": 0.9263335304050891,
    "2": 0.9588888607057744,
    "3": 0.815974292730885,
    "4": 1.2022354635722277,
    "5": 1.066882493387241,
    "6": 0.9734388484431357,
    "7": 2.648730158146212,
    "8": 0.6879542958829847,
    "9": 1.0611033394535894,
    "10": 0.9122182702329278,
    "11": 1.0510629469964574,
    "12": 1.0996197148479119,
    "13": 1.1759448546942233,
    "14": 1.0371104884685527,
    "15": 1.2034904885227828,
    "16": 1.0373580837816043,
    "17": 0.887803377218771,
    "18": 0.800548181165011,
    "19": 0.8125940046441642,
    "20": 1.291281798409297,
    "21": 0.9450783976594811,
    "22": 1.112365311951072,
    "23": 0.6093357102556652,
    "24": 1.0350405442547124,
    "25": 1.015922695775368,
    "26": 1.1075279395031588,
    "27": 0.8542953310393887,
    "28": 1.012781204537343,
    "29": 1.0494957547084967,
    "30": 9.784846218021016,
    "31": 0.8307333437990141,
    "32": 1.164511328003386,
    "33": 0.3045262168123091,
    "34": 1.1871059532307953,
    "35": 1.1765931991321628,
    "36": 0.2989464862956283,
    "37": 2.0564042381651633,
    "38": 0.37436691028314484,
    "39": 0.9646827721499995,
    "40": 0.9563304047322069,
    "41": 1.0871858257815457,
    "42": 0.9045886477597554,
    "43": 0.6296602281777216,
    "44": 0.7725462961259786,
    "45": 0.992158272681621,
    "46": 1.098966084133856,
    "47": 0.9400783949881378,
    "48": 2.2230413827298565,
    "49": 0.6681763208861559,
    "50": 0.9553597296601628,
    "51": 1.3146936148639177,
    "52": 1.066715795928394,
    "53": 0.9685848998637099,
    "54": 1.0323721591624722,
    "55": 1.0467457449423005,
    "56": 1.050964964157813,
    "57": 0.9980064522146661,
    "58": 1.1794775951259493,
    "59": 0.7220264812816639,
    "60": 1.0492460801269448,
    "61": 0.9972046902983359,
    "62": 1.0698888892804597,
    "63": 0.9668464535924799,
    "64": 0.9627596176165665,
    "65": 1.872172800697624,
    "66": 1.0190605929144372,
    "67": 1.0471216202121976,
    "68": 0.9252967072562099,
    "69": 1.0724633878965926,
    "70": 0.8801468953339309,
    "71": 0.5523502296080718,
    "72": 0.8795905574464845,
    "73": 0.8882163411930574,
    "74": 1.024711219203558,
    "75": 0.5642331537670854,
    "76": 0.861555763465732,
    "77": 0.8604769299474309,
    "78": 0.9152874072866276,
    "79": 0.8474752783303671,
    "80": 0.8648447838413524,
    "81": 0.7889737124293815,
    "82": 0.8228179225385346,
    "83": 0.8931821756357174,
    "84": 1.032523205025164,
    "85": 0.8439492210622689,
    "86": 0.9892196304913404,
    "87": 0.9413428909402566,
    "88": 1.1579992346024237,
    "89": 1.2127885339497309,
    "90": 1.0679260577379521,
    "91": 1.1679626975229829,
    "92": 1.1011904759477045,
    "93": 1.0107330804814882,
    "94": 1.132555820182198,
    "95": 1.2659372079375277,
    "96": 1.1273889850577383,
    "97": 1.0645888096011586,
    "98": 1.0318821552026092,
    "99": 1.0767624366590836,
    "100": 1.4419180111034156,
    "101": 0.9660984459776873,
    "102": 1.0801116287404313,
    "103": 0.983333424762133,
    "104": 1.4148316892780375,
    "105": 1.0182046790199637,
    "106": 0.6653631498132238,
    "107": 1.21973450464417,
    "108": 1.2495152008667134,
    "109": 0.8535234299778469,
    "110": 0.9601646823280019,
    "111": 1.049226083952358,
    "112": 1.0176086748882123,
    "113": 2.370461583137629,
    "114": 1.5336057522804045,
    "115": 1.0918967407251672,
    "116": 1.215989647899132,
    "117": 1.062359782917895,
    "118": 0.979443173740424,
    "119": 1.183139724896364,
    "120": 1.422943961221525,
    "121": 1.5127398807827201,
    "122": 1.8446513601375405,
    "123": 1.0458199592451634,
    "124": 1.1854952490266573,
    "125": 0.9522174627366967,
    "126": 1.0244135576053537,
    "127": 0.9729687891530954,
    "128": 0.756780045184632,
    "129": 0.8141516805545318,
    "130": 0.832647718887352,
    "131": 0.9782889889930738,
    "132": 1.180663524691673,
    "133": 1.0708026345859725,
    "134": 1.0375343188881303,
    "135": 1.0381649674039524,
    "136": 0.9910294045135305,
    "137": 1.3441071672083573,
    "138": 1.0170559976397922,
    "139": 1.2448567461050888,
    "140": 1.180310168365702,
    "141": 1.136155458460782,
    "142": 0.8609164257052172,
    "143": 1.061237065789857,
    "144": 1.0507361812411546,
    "145": 1.193034256296747,
    "146": 0.8187347495879513,
    "147": 1.2681117079959716,
    "148": 1.1278789556815427,
    "149": 0.567585033888474,
    "150": 0.9467240014097943,
    "151": 1.0367716921874899,
    "152": 1.017662228729725,
    "153": 1.0311909913207948,
    "154": 1.0134009381661229,
    "155": 0.8251751596563148,
    "156": 0.9246143293989656,
    "157": 1.036534028964443,
    "158": 1.0391638585808562,
    "159": 0.7533021957122762,
    "160": 0.9082564908606936,
    "161": 1.0322811472911888,
    "162": 0.895720131605248,
    "163": 1.489910713957244,
    "164": 1.4626229719433754,
    "165": 0.7812972886209462,
    "166": 1.0195302035890406,
    "167": 0.9893567283256128,
    "168": 1.0270802896886784,
    "169": 0.9223256800687702,
    "170": 0.8128877939205312,
    "171": 1.1133147819892883,
    "172": 0.9738890745408788,
    "173": 1.0640803255084814,
    "174": 0.9132534798064312,
    "175": 1.05746497385174,
    "176": 1.0961087381975445,
    "177": 0.9407580282291976,
    "178": 0.9452664609328644,
    "179": 1.11831110637432
  },
  "p_train": {
    "72": 0.04433604056888327,
    "99": 0.035817016547124006,
    "118": 0.03368020938461998,
    "102": 0.032488666031449384,
    "96": 0.029730948284565895,
    "123": 0.02961342900016228,
    "135": 0.029347324463999652,
    "97": 0.02757799499429163,
    "25": 0.02635681634331491,
    "151": 0.02447405521648687,
    "78": 0.023987218807009627,
    "103": 0.02391793352455254,
    "98": 0.023903831210424102,
    "155": 0.022328050892594733,
    "177": 0.022260400661051085,
    "83": 0.021497445028566382,
    "140": 0.01888606433843592,
    "94": 0.018151313334208087,
    "133": 0.018091633975867466,
    "79": 0.017266342027307802,
    "84": 0.015022234648609164,
    "131": 0.015010993673579253,
    "29": 0.014711370593691075,
    "125": 0.014372301910516116,
    "61": 0.014310169975805333,
    "144": 0.014156679571306001,
    "158": 0.013870545661453716,
    "100": 0.013377169048322703,
    "138": 0.01173843927032583,
    "87": 0.010632736090110926,
    "116": 0.010624356454179537,
    "52": 0.010315740594267429,
    "76": 0.009999562623880654,
    "101": 0.008987874871188645,
    "50": 0.00884255972125652,
    "18": 0.008526994894962286,
    "62": 0.008353883879501653,
    "134": 0.008235751451005495,
    "57": 0.007369991992338151,
    "74": 0.007341378601352923,
    "19": 0.006962864314891185,
    "17": 0.005957716765852943,
    "64": 0.005603728243092829,
    "51": 0.00558431201349571,
    "28": 0.005422237591700809,
    "80": 0.005407522133479834,
    "63": 0.005406091463930573,
    "88": 0.005193943607911521,
    "73": 0.005154498004624741,
    "136": 0.004873269247512781,
    "39": 0.004468594146435977,
    "14": 0.004346987234748756,
    "174": 0.004238256349004888,
    "167": 0.004129729844625199,