{
  "test_week": "WEEK-2022-49",
  "test_week_num": 49,
  "train_week": 33,
  "loss": 0.791691557683209,
  "total_samples": 304064,
  "accuracy": 80.71886181856452,
  "reweighted_accuracy": 81.49496592094074,
  "top3_accuracy": 91.58170648284572,
  "top5_accuracy": 94.62613134077036,
  "top10_accuracy": 96.9996448116186,
  "reweighted_top3_accuracy": 92.20096757878584,
  "reweighted_top5_accuracy": 95.13673328691148,
  "reweighted_top10_accuracy": 97.21118698927226,
  "macro_f1": 68.22516760594957,
  "reweighted_macro_f1": 69.71953218506198,
  "js_divergence": 0.1900578967599268,
  "weight_mean": 0.9991295397699563,
  "weight_std": 0.7856565882750497,
  "weight_max": 13.594151968719164,
  "weight_min": 0.0029244712996748007,
  "n_classes_in_test": 179,
  "n_classes_in_train": 180,
  "importance_weights": {
    "0": 0.5853139757233393,
    "1": 1.416887626314393,
    "2": 1.4255573008912616,
    "3": 0.9473004685461158,
    "4": 0.43732628407482,
    "5": 1.4240086321345082,
    "6": 0.8458350857672771,
    "7": 0.3866800940681125,
    "8": 2.1582710097389555,
    "9": 1.0314556777526807,
    "10": 1.1694333209266399,
    "11": 0.8215513456930769,
    "12": 5.598489049450888,
    "13": 0.666764224704502,
    "14": 0.9159822082790339,
    "15": 0.5965177199658531,
    "16": 0.4104841788063281,
    "17": 1.2739291073785577,
    "18": 0.47218214819555865,
    "19": 0.39396285356216476,
    "20": 1.499886451835629,
    "21": 0.6550084593446633,
    "22": 0.7794760467668942,
    "23": 0.786615540604176,
    "24": 1.1671098949655756,
    "25": 1.079057358908537,
    "26": 1.8368436435723832,
    "27": 0.16005218476941294,
    "28": 1.1362558587752687,
    "29": 0.6761182267533379,
    "30": 13.039799743635694,
    "31": 3.5278393403644026,
    "32": 2.1910642951586605,
    "33": 4.868026184250345,
    "34": 0.38060104952705537,
    "35": 0.8187196893024621,
    "36": 0.6975242214116598,
    "37": 0.9146969412693801,
    "38": 10.698264352579109,
    "39": 1.2639428935273571,
    "40": 1.5167822618465132,
    "41": 1.0569650828663804,
    "42": 0.34240009714648206,
    "43": 1.000838163909051,
    "44": 0.13239590177332114,
    "45": 1.1759952435325278,
    "46": 1.5389068217400586,
    "47": 0.5405137530816538,
    "48": 0.08345187744429161,
    "49": 1.091368621662887,
    "50": 0.34435246914499773,
    "51": 5.69794714117973,
    "52": 1.4664073623447087,
    "53": 0.6934565010332921,
    "54": 0.6724825120223039,
    "55": 0.5625292007569019,
    "56": 1.2553133911689884,
    "57": 1.0926129913009788,
    "58": 0.6771552683592862,
    "59": 0.0,
    "60": 0.7411123611423227,
    "61": 0.47538594160638836,
    "62": 0.6984094990202889,
    "63": 0.4140548601734473,
    "64": 0.9235187124703405,
    "65": 2.880668930872149,
    "66": 0.9668456036266979,
    "67": 1.3095956846956396,
    "68": 0.7490109716864473,
    "69": 1.9682542883433005,
    "70": 0.5445230693599591,
    "71": 0.7510393687527251,
    "72": 1.4074957026035626,
    "73": 1.0683689715597937,
    "74": 1.0942396779616546,
    "75": 0.9858607110356609,
    "76": 1.8023159511959972,
    "77": 0.9391567079001154,
    "78": 1.6236976178393978,
    "79": 2.1186735359932687,
    "80": 0.8423323821692684,
    "81": 1.1814407102045619,
    "82": 0.9869878513242418,
    "83": 0.9744482893807407,
    "84": 1.0578325049084523,
    "85": 0.6614938798516334,
    "86": 0.6789574786036048,
    "87": 0.44064771248514223,
    "88": 1.667678214568119,
    "89": 3.1072507559044755,
    "90": 1.474174156092402,
    "91": 0.9112544435362241,
    "92": 1.388346082425404,
    "93": 0.8348933676624346,
    "94": 1.2586455958158833,
    "95": 0.13998010831054816,
    "96": 13.594151968719164,
    "97": 0.8836117460426017,
    "98": 2.0257231140374565,
    "99": 1.2024583547957064,
    "100": 1.1668145523549036,
    "101": 0.7216501676348308,
    "102": 1.210468539172482,
    "103": 1.1949691980298296,
    "104": 1.970802562772746,
    "105": 0.9733824948603984,
    "106": 0.6553015008793667,
    "107": 1.300460849151496,
    "108": 0.9012750251691872,
    "109": 1.3876872849527073,
    "110": 5.298483988968312,
    "111": 1.0831543215359154,
    "112": 0.6589591067343133,
    "113": 1.574493261257574,
    "114": 0.5236948118057815,
    "115": 2.931623539266396,
    "116": 0.9894285822001981,
    "117": 1.4153186077792441,
    "118": 0.7317047146559795,
    "119": 0.4410170388762609,
    "120": 3.1729469147435987,
    "121": 2.1357041530955856,
    "122": 0.6059138974013727,
    "123": 0.9464344834460106,
    "124": 5.718175552140988,
    "125": 1.0857390330730863,
    "126": 1.5532425544504835,
    "127": 0.3098122969106225,
    "128": 0.013939068811534096,
    "129": 0.2554036472465624,
    "130": 0.6104987219433016,
    "131": 1.0921997560093808,
    "132": 1.0040227244869204,
    "133": 1.3626491437300383,
    "134": 0.8091100255891873,
    "135": 1.2119332970014385,
    "136": 1.1424716580383394,
    "137": 0.8946692044313502,
    "138": 1.3524959447867955,
    "139": 2.185263236529541,
    "140": 2.126878617408215,
    "141": 1.204255503044659,
    "142": 0.21622137521545268,
    "143": 0.9479678543756096,
    "144": 1.0641623281012578,
    "145": 0.9925826345588278,
    "146": 1.4143745107431853,
    "147": 1.7692109200887027,
    "148": 1.188966837867127,
    "149": 0.0029244712996748007,
    "150": 1.173826475213293,
    "151": 1.0805400211043799,
    "152": 0.9912009940263621,
    "153": 1.842006178444046,
    "154": 0.3862964828636798,
    "155": 0.5165999441946374,
    "156": 0.552660700484142,
    "157": 0.6553356294799647,
    "158": 1.493989938364953,
    "159": 2.2285778600295014,
    "160": 0.6558829171909816,
    "161": 0.7077554944218178,
    "162": 0.7485908701839589,
    "163": 4.387652360492699,
    "164": 3.1227870096839982,
    "165": 0.4379338540904899,
    "166": 0.9693560050471228,
    "167": 1.4416787318899156,
    "168": 0.8004419722909818,
    "169": 0.48473111792109813,
    "170": 0.8544313957779743,
    "171": 1.1133907432967953,
    "172": 1.0840852637266725,
    "173": 0.8533582668079762,
    "174": 1.1061812691019932,
    "175": 2.2020441205994734,
    "176": 0.7606771138341817,
    "177": 1.2672882356490989,
    "178": 0.5526763344502094,
    "179": 0.9763308954078799
  },
  "p_train": {
    "72": 0.04433604056888327,
    "99": 0.035817016547124006,
    "118": 0.03368020938461998,
    "102": 0.032488666031449384,
    "96": 0.029730948284565895,
    "123": 0.02961342900016228,
    "135": 0.029347324463999652,
    "97": 0.02757799499429163,
    "25": 0.02635681634331491,
    "151": 0.02447405521648687,
    "78": 0.023987218807009627,
    "103": 0.02391793352455254,
    "98": 0.023903831210424102,
    "155": 0.022328050892594733,
    "177": 0.022260400661051085,
    "83": 0.021497445028566382,
    "140": 0.01888606433843592,
    "94": 0.018151313334208087,
    "133": 0.018091633975867466,
    "79": 0.017266342027307802,
    "84": 0.015022234648609164,
    "131": 0.015010993673579253,
    "29": 0.014711370593691075,
    "125": 0.014372301910516116,
    "61": 0.014310169975805333,
    "144": 0.014156679571306001,
    "158": 0.013870545661453716,
    "100": 0.013377169048322703,
    "138": 0.01173843927032583,
    "87": 0.010632736090110926,
    "116": 0.010624356454179537,
    "52": 0.010315740594267429,
    "76": 0.009999562623880654,
    "101": 0.008987874871188645,
    "50": 0.00884255972125652,
    "18": 0.008526994894962286,
    "62": 0.008353883879501653,
    "134": 0.008235751451005495,
    "57": 0.007369991992338151,
    "74": 0.007341378601352923,
    "19": 0.006962864314891185,
    "17": 0.005957716765852943,
    "64": 0.005603728243092829,
    "51": 0.00558431201349571,
    "28": 0.005422237591700809,
    "80": 0.005407522133479834,
    "63": 0.005406091463930573,
    "88": 0.005193943607911521,
    "73": 0.005154498004624741,
    "136": 0.004873269247512781,
    "39": 0.004468594146435977,
    "14": 0.004346987234748756,
    "174": 0.004238256349004888,