{
  "test_week": "WEEK-2022-47",
  "test_week_num": 47,
  "train_week": 33,
  "loss": 0.8911518830861874,
  "total_samples": 332928,
  "accuracy": 81.0724841407151,
  "reweighted_accuracy": 81.76190603682386,
  "top3_accuracy": 91.47653546712803,
  "top5_accuracy": 94.59793108419838,
  "top10_accuracy": 96.96450884275278,
  "reweighted_top3_accuracy": 92.08843327599158,
  "reweighted_top5_accuracy": 95.16532036795398,
  "reweighted_top10_accuracy": 97.19064951203492,
  "macro_f1": 68.39197617825063,
  "reweighted_macro_f1": 69.98718259592222,
  "js_divergence": 0.18528276588613415,
  "weight_mean": 0.9991295397699564,
  "weight_std": 0.7861720128367853,
  "weight_max": 18.021265535066796,
  "weight_min": 0.022840037643788617,
  "n_classes_in_test": 179,
  "n_classes_in_train": 180,
  "importance_weights": {
    "0": 0.6866531786645242,
    "1": 0.8436710376428501,
    "2": 1.1333970008901857,
    "3": 0.8134255903009133,
    "4": 0.4635176272795164,
    "5": 1.3346293599943315,
    "6": 0.9236648911318309,
    "7": 0.5443542305102953,
    "8": 1.3158449030836579,
    "9": 1.3822128875457311,
    "10": 0.8909008673985397,
    "11": 0.7277169968268484,
    "12": 1.5617678898438287,
    "13": 0.6558813505981332,
    "14": 1.01134435086683,
    "15": 0.8139923801380627,
    "16": 0.46720980498584996,
    "17": 1.1168303645393518,
    "18": 0.40097109553531135,
    "19": 0.37723881051718344,
    "20": 1.2228389099053216,
    "21": 0.5783763699171888,
    "22": 1.1489014768943253,
    "23": 0.5848580581362096,
    "24": 1.6614792255868884,
    "25": 1.1614721577163662,
    "26": 1.4101590195546876,
    "27": 0.13680170691763519,
    "28": 1.0251077324984479,
    "29": 0.7418702194814272,
    "30": 13.690881742697288,
    "31": 4.100715873915234,
    "32": 2.375988447233338,
    "33": 1.142171822945709,
    "34": 0.27562239519508624,
    "35": 1.1952514765316515,
    "36": 0.3885686448050463,
    "37": 0.9861186252705734,
    "38": 18.021265535066796,
    "39": 1.6715956314434124,
    "40": 1.4809382210618465,
    "41": 1.0984043378999089,
    "42": 0.36090685482832574,
    "43": 1.2651405994062344,
    "44": 0.1449638983424156,
    "45": 1.618143892432676,
    "46": 1.634799992266557,
    "47": 0.5655638171399948,
    "48": 0.31980811042479845,
    "49": 1.2373441906280116,
    "50": 0.3740706128181055,
    "51": 8.853208714424285,
    "52": 1.3721130182054602,
    "53": 0.6709021881983699,
    "54": 0.529191578198784,
    "55": 0.7400045823298831,
    "56": 1.2102215812472406,
    "57": 1.1072548258236263,
    "58": 1.0626023639509445,
    "59": 0.0,
    "60": 0.7653274570259712,
    "61": 0.5177413898831686,
    "62": 0.7244703965185534,
    "63": 0.4472761478388364,
    "64": 0.8464782379838519,
    "65": 3.4491864428382177,
    "66": 0.9898567331375696,
    "67": 1.3386914462720225,
    "68": 0.5648110392794722,
    "69": 1.2532709322440876,
    "70": 0.2729331627975231,
    "71": 0.731593314970302,
    "72": 1.401909897855178,
    "73": 1.07523603488954,
    "74": 1.0640620352595673,
    "75": 1.1432948140800796,
    "76": 1.8382851381796457,
    "77": 0.9501329048983609,
    "78": 1.7379797133797827,
    "79": 2.1465454512574804,
    "80": 0.9010588232508379,
    "81": 1.3962578005797306,
    "82": 0.9716723014608772,
    "83": 0.9694028685453812,
    "84": 1.0670626279266378,
    "85": 3.987394738487913,
    "86": 0.5628069162903052,
    "87": 0.4527350762256619,
    "88": 1.885724381128426,
    "89": 2.3463544418547215,
    "90": 1.449033846557235,
    "91": 1.0249073061691147,
    "92": 1.3981701126120598,
    "93": 1.0316808749671311,
    "94": 1.2876796176712615,
    "95": 0.2976937198103177,
    "96": 13.652779517908902,
    "97": 0.9837658542225998,
    "98": 1.2014273425760984,
    "99": 1.3069363968655086,
    "100": 1.1062181164729212,
    "101": 0.7860034686406865,
    "102": 1.25625860679656,
    "103": 1.059889494537765,
    "104": 1.171113843905629,
    "105": 0.8214185039122897,
    "106": 0.7581909761295672,
    "107": 1.1354055151084834,
    "108": 0.7498250162541743,
    "109": 1.2491359337623265,
    "110": 5.0889957997048,
    "111": 1.048375980050461,
    "112": 0.8452864594064157,
    "113": 1.7176177144686062,
    "114": 0.5555317679173561,
    "115": 2.583981487953558,
    "116": 0.7661134385048917,
    "117": 1.1817126655484151,
    "118": 0.754734115232063,
    "119": 0.3204167842139205,
    "120": 2.2517615970414298,
    "121": 1.3591660457641987,
    "122": 0.3791038391053842,
    "123": 0.9920647705942873,
    "124": 0.8800821344688855,
    "125": 0.986992931201384,
    "126": 1.9306176263902433,
    "127": 0.40997684557478414,
    "128": 0.022840037643788617,
    "129": 0.44856139827953856,
    "130": 0.7659343179295501,
    "131": 1.0039333269902357,
    "132": 0.87946557992523,
    "133": 1.4531270244433303,
    "134": 0.8281220957657376,
    "135": 1.2359957038773532,
    "136": 1.23005897197569,
    "137": 1.2319595743127736,
    "138": 1.447427818292977,
    "139": 1.3577207260983528,
    "140": 2.1809572070991305,
    "141": 1.06741569350063,
    "142": 0.2109286483963306,
    "143": 1.2889371175300126,
    "144": 1.0660834689698628,
    "145": 0.5618860472454802,
    "146": 0.9441692429596916,
    "147": 1.7160207848792015,
    "148": 1.2762004168401342,
    "149": 0.04082656728827215,
    "150": 1.3201554117437548,
    "151": 1.1559225783961613,
    "152": 1.0111184020854451,
    "153": 1.418978715500157,
    "154": 0.5353170997303391,
    "155": 0.4971997409918921,
    "156": 0.49340825765484453,
    "157": 0.6752257628290794,
    "158": 1.1840751348657597,
    "159": 1.8331331829684385,
    "160": 0.6142125298147654,
    "161": 0.8338849202280196,
    "162": 0.8048841268693894,
    "163": 2.5800122383560873,
    "164": 2.4867090984674856,
    "165": 0.5861900670058533,
    "166": 1.0041574838422733,
    "167": 1.5606160019425406,
    "168": 1.6948529006007587,
    "169": 0.5897170830528199,
    "170": 0.9872203227898292,
    "171": 1.451469522446592,
    "172": 1.0887084610205906,
    "173": 1.0494349569104986,
    "174": 0.8824479110453405,
    "175": 3.174836164280542,
    "176": 0.5884332287355786,
    "177": 1.3182338440559258,
    "178": 0.6153970707633338,
    "179": 1.1817435476896228
  },
  "p_train": {
    "72": 0.04433604056888327,
    "99": 0.035817016547124006,
    "118": 0.03368020938461998,
    "102": 0.032488666031449384,
    "96": 0.029730948284565895,
    "123": 0.02961342900016228,
    "135": 0.029347324463999652,
    "97": 0.02757799499429163,
    "25": 0.02635681634331491,
    "151": 0.02447405521648687,
    "78": 0.023987218807009627,
    "103": 0.02391793352455254,
    "98": 0.023903831210424102,
    "155": 0.022328050892594733,
    "177": 0.022260400661051085,
    "83": 0.021497445028566382,
    "140": 0.01888606433843592,
    "94": 0.018151313334208087,
    "133": 0.018091633975867466,
    "79": 0.017266342027307802,
    "84": 0.015022234648609164,
    "131": 0.015010993673579253,
    "29": 0.014711370593691075,
    "125": 0.014372301910516116,
    "61": 0.014310169975805333,
    "144": 0.014156679571306001,
    "158": 0.013870545661453716,
    "100": 0.013377169048322703,
    "138": 0.01173843927032583,
    "87": 0.010632736090110926,
    "116": 0.010624356454179537,
    "52": 0.010315740594267429,
    "76": 0.009999562623880654,
    "101": 0.008987874871188645,
    "50": 0.00884255972125652,
    "18": 0.008526994894962286,
    "62": 0.008353883879501653,
    "134": 0.008235751451005495,
    "57": 0.007369991992338151,
    "74": 0.007341378601352923,
    "19": 0.006962864314891185,
    "17": 0.005957716765852943,
    "64": 0.005603728243092829,
    "51": 0.00558431201349571,
    "28": 0.005422237591700809,
    "80": 0.005407522133479834,
    "63": 0.005406091463930573,
    "88": 0.005193943607911521,
    "73": 0.005154498004624741,
    "136": 0.004873269247512781,
    "39": 0.004468594146435977,
    "14": 0.004346987234748756,
    "174": 0.004238256349004888,