{
  "test_week": "WEEK-2022-33",
  "test_week_num": 33,
  "train_week": 33,
  "loss": 0.36300888144944465,
  "total_samples": 209664,
  "accuracy": 89.80320894383395,
  "reweighted_accuracy": 89.81927847739975,
  "top3_accuracy": 96.80584172771673,
  "top5_accuracy": 98.29441391941391,
  "top10_accuracy": 99.28313873626374,
  "reweighted_top3_accuracy": 96.825148263372,
  "reweighted_top5_accuracy": 98.30498103137406,
  "reweighted_top10_accuracy": 99.28706766941399,
  "macro_f1": 81.0687089109929,
  "reweighted_macro_f1": 81.08135150669008,
  "js_divergence": 0.01083808683369672,
  "weight_mean": 1.0000000000000002,
  "weight_std": 0.030527592976871614,
  "weight_max": 2.0568678882949567,
  "weight_min": 0.419943860526887,
  "n_classes_in_test": 180,
  "n_classes_in_train": 180,
  "importance_weights": {
    "0": 0.990646787866302,
    "1": 0.972605040008038,
    "2": 1.002885822433688,
    "3": 0.9720860213546211,
    "4": 0.7681679854750681,
    "5": 1.0414192212200475,
    "6": 0.9677593751712259,
    "7": 1.1998396015053914,
    "8": 1.0417484907458163,
    "9": 0.9774431550172611,
    "10": 1.0008712253763568,
    "11": 1.078081177501147,
    "12": 0.9742275808978543,
    "13": 0.9477260656062524,
    "14": 0.9434852293854691,
    "15": 1.1448469531030607,
    "16": 0.9979520102358908,
    "17": 1.023867809832616,
    "18": 0.9758754681535877,
    "19": 1.003341569565186,
    "20": 1.014624009668405,
    "21": 0.9661046141991463,
    "22": 1.00777344080523,
    "23": 0.9788307313301411,
    "24": 0.954464240823379,
    "25": 1.0071214765454304,
    "26": 1.0165934217642014,
    "27": 0.9098565571393801,
    "28": 1.0042827053236383,
    "29": 1.0033977892503727,
    "30": 1.0631783341524608,
    "31": 0.9593284942619816,
    "32": 0.9849045011000969,
    "33": 0.6713388246518261,
    "34": 0.9972692791733123,
    "35": 1.0464628928634783,
    "36": 0.845341537424253,
    "37": 1.0909738461564467,
    "38": 1.14370092690561,
    "39": 0.9492434884684425,
    "40": 1.0846169096147944,
    "41": 1.0258466889420759,
    "42": 0.8356025796198261,
    "43": 1.028664949076532,
    "44": 0.419943860526887,
    "45": 1.008255235807724,
    "46": 1.056502556160237,
    "47": 0.9864382416150865,
    "48": 0.5035041184888696,
    "49": 0.9410794549586491,
    "50": 1.0032285938298307,
    "51": 0.9534439690533913,
    "52": 0.9930392267936117,
    "53": 1.0108051977419967,
    "54": 0.9713905822936391,
    "55": 0.9163200306091986,
    "56": 0.9508071907448792,
    "57": 1.067142265940322,
    "58": 0.9586864293183275,
    "59": 0.9972905665127755,
    "60": 0.9581735799445839,
    "61": 0.9728688319738164,
    "62": 1.0570360348291097,
    "63": 0.9907891264803669,
    "64": 1.0050471157911163,
    "65": 1.0688367062389863,
    "66": 1.0085094011743452,
    "67": 0.9342906853713518,
    "68": 1.0426284751474306,
    "69": 1.0427177489273043,
    "70": 0.9318891913585333,
    "71": 0.9681935500760378,
    "72": 0.9815915110701522,
    "73": 0.9692490310687369,
    "74": 1.0014461958842285,
    "75": 1.035955734962387,
    "76": 1.0065042237029829,
    "77": 0.9933831513503808,
    "78": 0.9966817764472584,
    "79": 1.024371911379022,
    "80": 0.9723522475076465,
    "81": 0.9761438922882911,
    "82": 0.909180783311256,
    "83": 0.9791962447250363,
    "84": 1.0001974612149862,
    "85": 1.055547892158741,
    "86": 0.9225657440146496,
    "87": 1.0441695454786966,
    "88": 0.9863976382329357,
    "89": 0.9117322199888993,
    "90": 1.0295326983613111,
    "91": 1.0183918416815183,
    "92": 0.9655361600097033,
    "93": 1.0106585426436947,
    "94": 1.0132260273970726,
    "95": 0.8862451602028458,
    "96": 0.9944973741441008,
    "97": 0.9830181473109759,
    "98": 1.0055724050767174,
    "99": 0.9880972312284483,
    "100": 0.9792984536827972,
    "101": 0.9886850981075005,
    "102": 0.9856321335288386,
    "103": 1.002745373823592,
    "104": 1.0712853584869566,
    "105": 0.883305097469434,
    "106": 0.9081419019330607,
    "107": 0.9568483452654927,
    "108": 0.9888594026692542,
    "109": 1.0475277881809462,
    "110": 0.9416266975731745,
    "111": 1.032719085581426,
    "112": 0.9152938789489996,
    "113": 1.0545441249278056,
    "114": 1.0237729131140614,
    "115": 0.9657462667903188,
    "116": 1.0714502508942274,
    "117": 0.9917538288305213,
    "118": 1.0023459787674895,
    "119": 0.8258849091548625,
    "120": 1.0102305728845336,
    "121": 1.0728365409064853,
    "122": 1.6712051592396524,
    "123": 1.0025625670741198,
    "124": 1.0042613514431573,
    "125": 0.992867976199819,
    "126": 0.9535418927607486,
    "127": 0.9283713330036967,
    "128": 2.0568678882949567,
    "129": 1.1013010957201395,
    "130": 1.0826918500737241,
    "131": 0.9872223894533628,
    "132": 1.024299158553318,
    "133": 1.0150292603468762,
    "134": 1.0121574397559296,
    "135": 1.0301485746559558,
    "136": 1.0248235942933999,
    "137": 1.0689955882550761,
    "138": 1.0672715226251495,
    "139": 1.0813680442138927,
    "140": 1.0129771791900304,
    "141": 1.0083200149677232,
    "142": 1.0310134518902725,
    "143": 0.9804912726587551,
    "144": 1.0082017885999666,
    "145": 0.9722665529221342,
    "146": 0.9701334672698197,
    "147": 1.0660736999862093,
    "148": 0.9492873294127504,
    "149": 1.0284339441474784,
    "150": 0.9780240164453421,
    "151": 1.002408343994824,
    "152": 1.0412893684493219,
    "153": 0.9079681207031619,
    "154": 1.487978422063952,
    "155": 1.0366227773128835,
    "156": 0.9825713493409015,
    "157": 0.9998443256436353,
    "158": 0.9888317189945705,
    "159": 0.8856504146880718,
    "160": 1.011305569425724,
    "161": 0.9700001973209171,
    "162": 0.9870860882058764,
    "163": 0.9694836559125054,
    "164": 1.0766417852793915,
    "165": 0.9891534810029566,
    "166": 0.9537052581652176,
    "167": 1.0344751232299854,
    "168": 1.048080621480019,
    "169": 0.4774871883541863,
    "170": 1.0021165230120455,
    "171": 0.9815562224203982,
    "172": 1.0028827902556154,
    "173": 0.9745324677567787,
    "174": 1.0109326270281693,
    "175": 0.9495570044783502,
    "176": 1.0979011437909802,
    "177": 0.9913348861934186,
    "178": 1.0635123112346792,
    "179": 0.9983334384651131
  },
  "p_train": {
    "72": 0.04433604056888327,
    "99": 0.035817016547124006,
    "118": 0.03368020938461998,
    "102": 0.032488666031449384,
    "96": 0.029730948284565895,
    "123": 0.02961342900016228,
    "135": 0.029347324463999652,
    "97": 0.02757799499429163,
    "25": 0.02635681634331491,
    "151": 0.02447405521648687,
    "78": 0.023987218807009627,
    "103": 0.02391793352455254,
    "98": 0.023903831210424102,
    "155": 0.022328050892594733,
    "177": 0.022260400661051085,
    "83": 0.021497445028566382,
    "140": 0.01888606433843592,
    "94": 0.018151313334208087,
    "133": 0.018091633975867466,
    "79": 0.017266342027307802,
    "84": 0.015022234648609164,
    "131": 0.015010993673579253,
    "29": 0.014711370593691075,
    "125": 0.014372301910516116,
    "61": 0.014310169975805333,
    "144": 0.014156679571306001,
    "158": 0.013870545661453716,
    "100": 0.013377169048322703,
    "138": 0.01173843927032583,
    "87": 0.010632736090110926,
    "116": 0.010624356454179537,
    "52": 0.010315740594267429,
    "76": 0.009999562623880654,
    "101": 0.008987874871188645,
    "50": 0.00884255972125652,
    "18": 0.008526994894962286,
    "62": 0.008353883879501653,
    "134": 0.008235751451005495,
    "57": 0.007369991992338151,
    "74": 0.007341378601352923,
    "19": 0.006962864314891185,
    "17": 0.005957716765852943,
    "64": 0.005603728243092829,
    "51": 0.00558431201349571,
    "28": 0.005422237591700809,
    "80": 0.005407522133479834,
    "63": 0.005406091463930573,
    "88": 0.005193943607911521,
    "73": 0.005154498004624741,
    "136": 0.004873269247512781,
    "39": 0.004468594146435977,
    "14": 0.004346987234748756,
    "174": 0.004238256349004888,