{
  "test_week": "WEEK-2022-35",
  "test_week_num": 35,
  "train_week": 33,
  "loss": 0.4382210900222041,
  "total_samples": 236288,
  "accuracy": 87.98246208017335,
  "reweighted_accuracy": 88.34991447905746,
  "top3_accuracy": 96.14114978331527,
  "top5_accuracy": 97.91440953412784,
  "top10_accuracy": 99.06131500541711,
  "reweighted_top3_accuracy": 96.19225223640505,
  "reweighted_top5_accuracy": 97.92571236614054,
  "reweighted_top10_accuracy": 99.01601613590465,
  "macro_f1": 77.60492820367175,
  "reweighted_macro_f1": 78.28383707692066,
  "js_divergence": 0.0677051092780538,
  "weight_mean": 1.0000000000000002,
  "weight_std": 0.29741401622873914,
  "weight_max": 23.753189998930793,
  "weight_min": 0.19322511385518074,
  "n_classes_in_test": 180,
  "n_classes_in_train": 180,
  "importance_weights": {
    "0": 0.9984451430166238,
    "1": 1.0340957068691914,
    "2": 0.9369220969753921,
    "3": 0.9867499329679859,
    "4": 0.9790803216230792,
    "5": 0.9550079198898518,
    "6": 1.151807367897752,
    "7": 1.3522001858235364,
    "8": 0.9055909745081475,
    "9": 0.868633316349512,
    "10": 1.7400405491992794,
    "11": 1.1303301026402541,
    "12": 1.0876458414319448,
    "13": 0.9618551045567971,
    "14": 1.2126811330865572,
    "15": 1.5798665436407642,
    "16": 1.4944325928450923,
    "17": 1.0664674084620152,
    "18": 0.7954309394950053,
    "19": 0.7670122532573466,
    "20": 1.29715670667711,
    "21": 1.0549363403834249,
    "22": 1.2979939101527678,
    "23": 0.6563603848419335,
    "24": 1.055251948978451,
    "25": 1.0847934889617128,
    "26": 0.9070003478570818,
    "27": 0.7069821084338658,
    "28": 1.0225137079551483,
    "29": 0.9645172960161146,
    "30": 16.495943795162873,
    "31": 0.8133669613496729,
    "32": 1.420044816315261,
    "33": 0.9457352490134853,
    "34": 0.8241982085019649,
    "35": 0.9298698049833899,
    "36": 0.6287730864079444,
    "37": 2.7295126608123668,
    "38": 23.753189998930793,
    "39": 1.5391766380073821,
    "40": 0.9116945609627118,
    "41": 1.0044915666117697,
    "42": 0.6237305588133149,
    "43": 0.8724061761043477,
    "44": 0.7887834417303962,
    "45": 1.220217984244575,
    "46": 0.9914963959947644,
    "47": 0.8677660151058374,
    "48": 0.4539529195264729,
    "49": 0.9692595125668291,
    "50": 0.9963713645284981,
    "51": 1.966476776519932,
    "52": 1.2138873075389751,
    "53": 1.0974847762552962,
    "54": 1.0672874283537763,
    "55": 0.9787841532665678,
    "56": 1.0422273857510314,
    "57": 1.050326096432809,
    "58": 1.2855682598494107,
    "59": 1.2854956677282234,
    "60": 1.2397626022149817,
    "61": 0.9248691037316987,
    "62": 1.025414293049188,
    "63": 0.8141456595469899,
    "64": 1.0161885948610272,
    "65": 2.002306230685172,
    "66": 1.111788982335996,
    "67": 1.2377964805343948,
    "68": 0.8624042141892246,
    "69": 1.043614016547149,
    "70": 1.6763195984968977,
    "71": 0.7801924832342313,
    "72": 1.022554841770648,
    "73": 0.9861911129690452,
    "74": 0.9437865435018932,
    "75": 0.9481255545461237,
    "76": 1.099477270019317,
    "77": 0.8653755008577187,
    "78": 1.0186721706453434,
    "79": 0.9465961542803959,
    "80": 0.8775635919475845,
    "81": 1.1351018118333613,
    "82": 0.9178997789184075,
    "83": 1.0130810312943543,
    "84": 1.244591087184629,
    "85": 0.4960265178228536,
    "86": 0.8837594071632398,
    "87": 0.7683143563486637,
    "88": 1.5188942416165812,
    "89": 1.2073215944853004,
    "90": 1.0402393876163,
    "91": 1.4681251608912782,
    "92": 1.1420609677563651,
    "93": 1.122368454552174,
    "94": 1.108539034663572,
    "95": 0.5359330004788406,
    "96": 1.072201817500535,
    "97": 0.9779902868394388,
    "98": 0.9728192333876491,
    "99": 1.0417443631076855,
    "100": 1.1527587600620257,
    "101": 0.7942135293804872,
    "102": 1.0892000452949933,
    "103": 0.9683894236890799,
    "104": 1.6707379640857187,
    "105": 0.7457237269117685,
    "106": 0.614076905116641,
    "107": 1.3257170024606328,
    "108": 1.0380981074336073,
    "109": 0.9039287796828767,
    "110": 1.247711989646263,
    "111": 1.358393362878821,
    "112": 1.2360475220782263,
    "113": 2.695762623654007,
    "114": 2.1078596761154897,
    "115": 0.9833359260177862,
    "116": 1.1142511930071792,
    "117": 1.0976525412810578,
    "118": 0.8685178778864002,
    "119": 1.1355262036665743,
    "120": 1.3155388349666046,
    "121": 0.8936602518109922,
    "122": 0.3766843374794137,
    "123": 0.9233700068079105,
    "124": 1.1260121809791475,
    "125": 0.9582399756862393,
    "126": 1.0240779406324094,
    "127": 0.837007804993809,
    "128": 1.1590287307058884,
    "129": 1.0687670686419872,
    "130": 0.9832147106857679,
    "131": 1.0456714838274452,
    "132": 1.3405574240974303,
    "133": 0.9759899563675277,
    "134": 0.8894009318350943,
    "135": 1.0143973965695654,
    "136": 0.9850257005614199,
    "137": 1.1519786775994048,
    "138": 0.9814764112904281,
    "139": 1.2045138698469624,
    "140": 1.055225909293059,
    "141": 1.2654925440377738,
    "142": 0.6665368126284597,
    "143": 1.7856769311075387,
    "144": 1.085703830751299,
    "145": 1.3712631583680412,
    "146": 0.8566257878232609,
    "147": 1.0338042118360176,
    "148": 1.0343817059687315,
    "149": 0.3863429102352961,
    "150": 0.9858343235864317,
    "151": 0.9384819147992941,
    "152": 1.1804604749866925,
    "153": 1.00312263504007,
    "154": 0.884198433197598,
    "155": 0.7192706870224164,
    "156": 0.9354261559464189,
    "157": 1.0707157191971246,
    "158": 1.0384801943135538,
    "159": 1.26944590954134,
    "160": 0.9572603380695636,
    "161": 1.0020769234227993,
    "162": 1.2597721220338007,
    "163": 1.647993976472435,
    "164": 1.338878016505078,
    "165": 0.19322511385518074,
    "166": 1.0661428596462934,
    "167": 1.4989333418230402,
    "168": 0.6976207934019539,
    "169": 3.7668433747941372,
    "170": 0.5931220667775986,
    "171": 0.9929129161393565,
    "172": 1.0579506437257236,
    "173": 0.9589655878395926,
    "174": 1.0586142877311489,
    "175": 1.126633517735848,
    "176": 0.9960403154503726,
    "177": 0.9736885507957125,
    "178": 1.0266562594698905,
    "179": 1.2334049059383516
  },
  "p_train": {
    "72": 0.04433604056888327,
    "99": 0.035817016547124006,
    "118": 0.03368020938461998,
    "102": 0.032488666031449384,
    "96": 0.029730948284565895,
    "123": 0.02961342900016228,
    "135": 0.029347324463999652,
    "97": 0.02757799499429163,
    "25": 0.02635681634331491,
    "151": 0.02447405521648687,
    "78": 0.023987218807009627,
    "103": 0.02391793352455254,
    "98": 0.023903831210424102,
    "155": 0.022328050892594733,
    "177": 0.022260400661051085,
    "83": 0.021497445028566382,
    "140": 0.01888606433843592,
    "94": 0.018151313334208087,
    "133": 0.018091633975867466,
    "79": 0.017266342027307802,
    "84": 0.015022234648609164,
    "131": 0.015010993673579253,
    "29": 0.014711370593691075,
    "125": 0.014372301910516116,
    "61": 0.014310169975805333,
    "144": 0.014156679571306001,
    "158": 0.013870545661453716,
    "100": 0.013377169048322703,
    "138": 0.01173843927032583,
    "87": 0.010632736090110926,
    "116": 0.010624356454179537,
    "52": 0.010315740594267429,
    "76": 0.009999562623880654,
    "101": 0.008987874871188645,
    "50": 0.00884255972125652,
    "18": 0.008526994894962286,
    "62": 0.008353883879501653,
    "134": 0.008235751451005495,
    "57": 0.007369991992338151,
    "74": 0.007341378601352923,
    "19": 0.006962864314891185,
    "17": 0.005957716765852943,
    "64": 0.005603728243092829,
    "51": 0.00558431201349571,
    "28": 0.005422237591700809,
    "80": 0.005407522133479834,
    "63": 0.005406091463930573,
    "88": 0.005193943607911521,
    "73": 0.005154498004624741,
    "136": 0.004873269247512781,
    "39": 0.004468594146435977,
    "14": 0.004346987234748756,
    "174": 0.004238256349004888,