{
  "test_week": "WEEK-2022-44",
  "test_week_num": 44,
  "train_week": 33,
  "loss": 0.6319970464263546,
  "total_samples": 311808,
  "accuracy": 84.40482604679804,
  "reweighted_accuracy": 84.70427386565589,
  "top3_accuracy": 93.4530223727422,
  "top5_accuracy": 95.71146346469622,
  "top10_accuracy": 97.5799209770115,
  "reweighted_top3_accuracy": 93.94507415503274,
  "reweighted_top5_accuracy": 96.23420444513295,
  "reweighted_top10_accuracy": 97.96701477039151,
  "macro_f1": 70.62832613039977,
  "reweighted_macro_f1": 71.92185429123472,
  "js_divergence": 0.1895616373426941,
  "weight_mean": 1.0000000000000002,
  "weight_std": 0.8904456464504559,
  "weight_max": 19.682266502577328,
  "weight_min": 0.011003351551476434,
  "n_classes_in_test": 180,
  "n_classes_in_train": 180,
  "importance_weights": {
    "0": 1.094997662263861,
    "1": 0.9118849929172352,
    "2": 1.1417270021842474,
    "3": 0.8660359982218359,
    "4": 0.686888283019738,
    "5": 1.176436979784677,
    "6": 0.9085653838808503,
    "7": 0.39652818739209517,
    "8": 1.4556871011626273,
    "9": 1.1072356612535958,
    "10": 1.260453429710192,
    "11": 1.0549250674827277,
    "12": 1.60589459408176,
    "13": 0.8604438897763862,
    "14": 0.6532170581650796,
    "15": 0.7245076189850249,
    "16": 0.4136809615080402,
    "17": 1.0584978628644297,
    "18": 0.40450102300447294,
    "19": 0.4619312332548065,
    "20": 0.953244943215257,
    "21": 0.44262960527199513,
    "22": 0.5328853293830503,
    "23": 0.5447419535269016,
    "24": 1.253451876759056,
    "25": 1.03296457898144,
    "26": 0.8207223082667765,
    "27": 0.21736201232985927,
    "28": 1.0178790240776916,
    "29": 0.6828108130511501,
    "30": 6.282101407926155,
    "31": 5.958544101615144,
    "32": 1.4787687143575468,
    "33": 1.6640022149489708,
    "34": 0.32369647950375113,
    "35": 1.1343538503609578,
    "36": 0.2676565264896642,
    "37": 0.6980411072903203,
    "38": 10.970731198856118,
    "39": 2.0796170203162823,
    "40": 1.5017772594666383,
    "41": 0.9085141808723541,
    "42": 0.40626437056466885,
    "43": 1.1559252375700464,
    "44": 0.12010228752741343,
    "45": 1.657294031327676,
    "46": 1.2759107975013881,
    "47": 0.5215860063423718,
    "48": 0.42788628384402105,
    "49": 1.333860707326529,
    "50": 0.5019444495841167,
    "51": 6.472985726037436,
    "52": 1.217921409775592,
    "53": 0.59082911290392,
    "54": 0.6483125512788197,
    "55": 0.6293833591954897,
    "56": 1.142464654193978,
    "57": 1.032819084560438,
    "58": 0.8464386093349832,
    "59": 1.5078692411633332,
    "60": 0.7334579206876738,
    "61": 0.5000028552012449,
    "62": 0.7171827711177455,
    "63": 0.42599508900309935,
    "64": 0.8481977165156743,
    "65": 2.7286587889312206,
    "66": 0.7201040231391506,
    "67": 2.0060299042636816,
    "68": 0.6705192134004265,
    "69": 1.24868830766669,
    "70": 0.4546584136211594,
    "71": 1.0569314204594389,
    "72": 1.9740585660006218,
    "73": 1.533600871971404,
    "74": 1.532195835964292,
    "75": 1.4740081338852828,
    "76": 2.418885665342885,
    "77": 1.2922795897799932,
    "78": 2.2406850574523838,
    "79": 2.961377103878323,
    "80": 1.2841650124874944,
    "81": 2.139845235742198,
    "82": 1.3591389851618014,
    "83": 1.3187242454194819,
    "84": 0.8096893589133148,
    "85": 3.196147325113601,
    "86": 0.43596924207929283,
    "87": 0.41697549676585427,
    "88": 1.527842611788373,
    "89": 0.3319153354286511,
    "90": 1.571392013288317,
    "91": 0.9609796644546753,
    "92": 1.2345780742143184,
    "93": 0.9571185763062565,
    "94": 1.0694869062949273,
    "95": 0.3866149827072928,
    "96": 19.682266502577328,
    "97": 0.8796071463973082,
    "98": 1.043748186816961,
    "99": 1.193931184041655,
    "100": 0.8981714742935842,
    "101": 0.7750252455297536,
    "102": 1.1788928171691109,
    "103": 1.0305102965902553,
    "104": 0.9448810587787054,
    "105": 0.6358224726896242,
    "106": 0.7768316211445903,
    "107": 0.9820740329521597,
    "108": 0.667567266462555,
    "109": 1.6598773480610243,
    "110": 0.5867632276177305,
    "111": 0.8651107778006383,
    "112": 0.4753961636443007,
    "113": 1.6764547627057422,
    "114": 0.5591781077774066,
    "115": 3.3611959634408066,
    "116": 1.0710505455107706,
    "117": 1.1152355270402676,
    "118": 0.7475625518080571,
    "119": 0.4459677668788009,
    "120": 1.490595278100941,
    "121": 0.9713653161926487,
    "122": 0.41423033861495656,
    "123": 0.9764915471322546,
    "124": 0.731748220900793,
    "125": 0.9873096968746881,
    "126": 1.5830491936016486,
    "127": 1.9370380817206865,
    "128": 0.021391130988184955,
    "129": 0.1976694274369481,
    "130": 0.6208372769511266,
    "131": 0.8253478954983953,
    "132": 0.9629839380569514,
    "133": 1.2917600656623043,
    "134": 0.8273109498824489,
    "135": 1.198995092566929,
    "136": 1.061120347436079,
    "137": 0.9134310030996479,
    "138": 1.2569159587918117,
    "139": 0.7658039873553819,
    "140": 1.8796124957673244,
    "141": 0.7714235096677486,
    "142": 0.2396520495620325,
    "143": 0.9625805053184158,
    "144": 1.3920422402301424,
    "145": 0.8583358195433358,
    "146": 1.5314239807066916,
    "147": 1.557382001477471,
    "148": 1.2218309808657266,
    "149": 0.011003351551476434,
    "150": 1.239334939364512,
    "151": 1.2364235594527444,
    "152": 1.4789848995837387,
    "153": 1.0811176188634728,
    "154": 0.5729807019028313,
    "155": 0.48040745878541113,
    "156": 0.4291001456421601,
    "157": 0.546449169583264,
    "158": 1.154550747892835,
    "159": 2.3475220131868024,
    "160": 0.8540444324544233,
    "161": 0.8156555697098246,
    "162": 0.7653158085386087,
    "163": 3.144157991896658,
    "164": 1.601159578107813,
    "165": 0.6975185641115074,
    "166": 0.9157727049936956,
    "167": 1.4419740239562082,
    "168": 1.1243631987645555,
    "169": 0.45188764212540716,
    "170": 0.8726781897229535,
    "171": 1.2682378521577455,
    "172": 0.9821110057581602,
    "173": 1.0510322024558598,
    "174": 0.9810855498667528,
    "175": 2.6448774361883154,
    "176": 0.4969318443468651,
    "177": 1.7448393688589787,
    "178": 0.5852861344762104,
    "179": 0.7264050292730062
  },
  "p_train": {
    "72": 0.04433604056888327,
    "99": 0.035817016547124006,
    "118": 0.03368020938461998,
    "102": 0.032488666031449384,
    "96": 0.029730948284565895,
    "123": 0.02961342900016228,
    "135": 0.029347324463999652,
    "97": 0.02757799499429163,
    "25": 0.02635681634331491,
    "151": 0.02447405521648687,
    "78": 0.023987218807009627,
    "103": 0.02391793352455254,
    "98": 0.023903831210424102,
    "155": 0.022328050892594733,
    "177": 0.022260400661051085,
    "83": 0.021497445028566382,
    "140": 0.01888606433843592,
    "94": 0.018151313334208087,
    "133": 0.018091633975867466,
    "79": 0.017266342027307802,
    "84": 0.015022234648609164,
    "131": 0.015010993673579253,
    "29": 0.014711370593691075,
    "125": 0.014372301910516116,
    "61": 0.014310169975805333,
    "144": 0.014156679571306001,
    "158": 0.013870545661453716,
    "100": 0.013377169048322703,
    "138": 0.01173843927032583,
    "87": 0.010632736090110926,
    "116": 0.010624356454179537,
    "52": 0.010315740594267429,
    "76": 0.009999562623880654,
    "101": 0.008987874871188645,
    "50": 0.00884255972125652,
    "18": 0.008526994894962286,
    "62": 0.008353883879501653,
    "134": 0.008235751451005495,
    "57": 0.007369991992338151,
    "74": 0.007341378601352923,
    "19": 0.006962864314891185,
    "17": 0.005957716765852943,
    "64": 0.005603728243092829,
    "51": 0.00558431201349571,
    "28": 0.005422237591700809,
    "80": 0.005407522133479834,
    "63": 0.005406091463930573,
    "88": 0.005193943607911521,
    "73": 0.005154498004624741,
    "136": 0.004873269247512781,
    "39": 0.004468594146435977,
    "14": 0.004346987234748756,
    "174": 0.004238256349004888,