{
  "test_week": "WEEK-2022-43",
  "test_week_num": 43,
  "train_week": 33,
  "loss": 0.6300948657723137,
  "total_samples": 262080,
  "accuracy": 84.48641636141636,
  "reweighted_accuracy": 85.31786240459648,
  "top3_accuracy": 93.63553113553114,
  "top5_accuracy": 96.01915445665445,
  "top10_accuracy": 97.84989316239316,
  "reweighted_top3_accuracy": 94.41211362764277,
  "reweighted_top5_accuracy": 96.75117627760068,
  "reweighted_top10_accuracy": 98.328555104216,
  "macro_f1": 72.63390118550701,
  "reweighted_macro_f1": 73.98739631285261,
  "js_divergence": 0.17582348973170292,
  "weight_mean": 0.9999999999999999,
  "weight_std": 0.798944387294561,
  "weight_max": 36.884354892705915,
  "weight_min": 0.010894427374443627,
  "n_classes_in_test": 180,
  "n_classes_in_train": 180,
  "importance_weights": {
    "0": 0.5821108262034894,
    "1": 1.084103545597195,
    "2": 1.3735780161626447,
    "3": 1.0356956771144032,
    "4": 0.7182673092532625,
    "5": 1.7337528514705947,
    "6": 0.9205118635887923,
    "7": 0.9998663345878261,
    "8": 1.2929502544717577,
    "9": 1.3335543044823912,
    "10": 1.4308432029446478,
    "11": 1.2693175689458525,
    "12": 1.4458340034860477,
    "13": 0.9559365636993759,
    "14": 0.8376900106492309,
    "15": 0.6869081718618365,
    "16": 0.3993454826439002,
    "17": 0.998975310297338,
    "18": 0.39567188776057294,
    "19": 0.488444186200932,
    "20": 1.1685898801311867,
    "21": 0.3989875504753541,
    "22": 1.0688506190358498,
    "23": 0.5515192094142367,
    "24": 0.6078468250884294,
    "25": 1.1880967367141333,
    "26": 0.881976028014604,
    "27": 0.2173435612422662,
    "28": 0.9203756658244482,
    "29": 0.8039107600489067,
    "30": 24.585998977275654,
    "31": 3.8051577146704303,
    "32": 1.8350814996912181,
    "33": 1.4808944661437342,
    "34": 0.3296262641498328,
    "35": 0.7607265710532377,
    "36": 0.11432897842213259,
    "37": 0.8409590064122608,
    "38": 36.884354892705915,
    "39": 2.022675568044803,
    "40": 1.3167561402697594,
    "41": 0.9936015079300078,
    "42": 0.36237866973308785,
    "43": 1.3475801416221518,
    "44": 0.1009480433958863,
    "45": 1.273798392831951,
    "46": 1.4680769742760573,
    "47": 0.5680920871297075,
    "48": 0.3146900740555435,
    "49": 1.094332931936477,
    "50": 0.4219697836392769,
    "51": 6.8071464767300265,
    "52": 1.2145324775137503,
    "53": 0.7054205885301921,
    "54": 0.43281156317094804,
    "55": 0.6948924801090771,
    "56": 1.1403912156201232,
    "57": 1.1497187508047517,
    "58": 1.0087670636857027,
    "59": 0.6690035691782915,
    "60": 0.7832027523025293,
    "61": 0.5270389751628811,
    "62": 0.7802515634853148,
    "63": 0.45777979026394977,
    "64": 1.0313378496838264,
    "65": 3.628055630013801,
    "66": 1.3840557341291275,
    "67": 0.9432742496537687,
    "68": 0.3826159541825433,
    "69": 1.391044285445319,
    "70": 0.5462344836352985,
    "71": 0.7076838448649005,
    "72": 1.337121923163743,
    "73": 0.9540189527203758,
    "74": 1.0439655473915215,
    "75": 0.9603534426673014,
    "76": 1.6018859244906123,
    "77": 0.8598190301604136,
    "78": 1.7477259674565147,
    "79": 2.066284437678917,
    "80": 0.8846463175670379,
    "81": 1.7985768145246923,
    "82": 0.9087111651380579,
    "83": 0.897427587302752,
    "84": 0.8588628395958747,
    "85": 4.969871325580739,
    "86": 0.6223657796924223,
    "87": 0.44557522777362835,
    "88": 1.4179466049598453,
    "89": 1.5304076549813665,
    "90": 1.303629066106855,
    "91": 0.8806946774442586,
    "92": 1.3887032424830918,
    "93": 0.8443001439164529,
    "94": 1.086343046044589,
    "95": 0.3692688167511858,
    "96": 13.938974823647639,
    "97": 0.9521329110926031,
    "98": 1.0967640202429882,
    "99": 1.21105969509357,
    "100": 1.0499815705853293,
    "101": 0.8959841180072727,
    "102": 1.1945327712573308,
    "103": 1.0667821678207503,
    "104": 1.0306607732634343,
    "105": 0.6079892229335065,
    "106": 0.6851366419909185,
    "107": 1.1028191613779033,
    "108": 1.0006315384153168,
    "109": 1.10199246035738,
    "110": 0.8816388963764279,
    "111": 0.9386248421464937,
    "112": 0.6438555120137194,
    "113": 1.5649883556109454,
    "114": 0.5492757534591631,
    "115": 3.3621538420282793,
    "116": 1.043248909520934,
    "117": 1.1193558553421405,
    "118": 0.8359607231291981,
    "119": 0.4831743554198844,
    "120": 1.9143869356161913,
    "121": 1.1141770467120922,
    "122": 0.3481677415082609,
    "123": 1.0946526759326558,
    "124": 0.6856826454181221,
    "125": 1.1111188450466265,
    "126": 1.5902055345735653,
    "127": 2.507669692596192,
    "128": 0.013321683214345575,
    "129": 0.3920313939817426,
    "130": 0.606831319194547,
    "131": 0.9509502591181173,
    "132": 0.9228406539126311,
    "133": 1.4706747619092264,
    "134": 0.9347881075268601,
    "135": 1.2547058394004942,
    "136": 1.2848957790625246,
    "137": 1.0673660218095653,
    "138": 1.4362325695457485,
    "139": 1.6297213432301574,
    "140": 2.150156273595693,
    "141": 1.060250659515417,
    "142": 0.21791777883222938,
    "143": 1.1960098857310901,
    "144": 1.0649203737221231,
    "145": 0.8983810117674298,
    "146": 1.5620793117056422,
    "147": 1.2535400497719198,
    "148": 1.2413056148050852,
    "149": 0.010894427374443627,
    "150": 1.3216540762774893,
    "151": 1.30981425181476,
    "152": 1.615138618945116,
    "153": 1.192426487632317,
    "154": 0.6345790329390384,
    "155": 0.5107117802348776,
    "156": 0.5175845661391424,
    "157": 0.5924935786547839,
    "158": 1.2145648536430973,
    "159": 1.1985558297948078,
    "160": 0.5455400669937722,
    "161": 1.0153116252234513,
    "162": 0.9461419343228973,
    "163": 1.7689167512113253,
    "164": 1.1639370651669096,
    "165": 0.7447294548091759,
    "166": 0.9841086137107529,
    "167": 1.2369366830621398,
    "168": 0.7940873417668634,
    "169": 0.46422365534434784,
    "170": 0.9492366718842472,
    "171": 1.3491870584929826,
    "172": 0.9633897925486521,
    "173": 1.0613974398300359,
    "174": 0.9526262641056612,
    "175": 2.7942693100534783,
    "176": 0.570936964309909,
    "177": 1.229765136013547,
    "178": 0.6555480129456881,
    "179": 1.0615059900692334
  },
  "p_train": {
    "72": 0.04433604056888327,
    "99": 0.035817016547124006,
    "118": 0.03368020938461998,
    "102": 0.032488666031449384,
    "96": 0.029730948284565895,
    "123": 0.02961342900016228,
    "135": 0.029347324463999652,
    "97": 0.02757799499429163,
    "25": 0.02635681634331491,
    "151": 0.02447405521648687,
    "78": 0.023987218807009627,
    "103": 0.02391793352455254,
    "98": 0.023903831210424102,
    "155": 0.022328050892594733,
    "177": 0.022260400661051085,
    "83": 0.021497445028566382,
    "140": 0.01888606433843592,
    "94": 0.018151313334208087,
    "133": 0.018091633975867466,
    "79": 0.017266342027307802,
    "84": 0.015022234648609164,
    "131": 0.015010993673579253,
    "29": 0.014711370593691075,
    "125": 0.014372301910516116,
    "61": 0.014310169975805333,
    "144": 0.014156679571306001,
    "158": 0.013870545661453716,
    "100": 0.013377169048322703,
    "138": 0.01173843927032583,
    "87": 0.010632736090110926,
    "116": 0.010624356454179537,
    "52": 0.010315740594267429,
    "76": 0.009999562623880654,
    "101": 0.008987874871188645,
    "50": 0.00884255972125652,
    "18": 0.008526994894962286,
    "62": 0.008353883879501653,
    "134": 0.008235751451005495,
    "57": 0.007369991992338151,
    "74": 0.007341378601352923,
    "19": 0.006962864314891185,
    "17": 0.005957716765852943,
    "64": 0.005603728243092829,
    "51": 0.00558431201349571,
    "28": 0.005422237591700809,
    "80": 0.005407522133479834,
    "63": 0.005406091463930573,
    "88": 0.005193943607911521,
    "73": 0.005154498004624741,
    "136": 0.004873269247512781,
    "39": 0.004468594146435977,
    "14": 0.004346987234748756,
    "174": 0.004238256349004888,