{
  "test_week": "WEEK-2022-50",
  "test_week_num": 50,
  "train_week": 33,
  "loss": 0.8825060795171904,
  "total_samples": 137408,
  "accuracy": 79.74572077317187,
  "reweighted_accuracy": 79.79792544329345,
  "top3_accuracy": 89.97074406148113,
  "top5_accuracy": 92.93345365626455,
  "top10_accuracy": 95.8139264089427,
  "reweighted_top3_accuracy": 90.28627271396498,
  "reweighted_top5_accuracy": 93.16805514435666,
  "reweighted_top10_accuracy": 95.72430111777356,
  "macro_f1": 64.41156345246861,
  "reweighted_macro_f1": 66.27716811560644,
  "js_divergence": 0.18616882694332726,
  "weight_mean": 0.9991215688967533,
  "weight_std": 0.7328717970258957,
  "weight_max": 96.6919535465685,
  "weight_min": 0.0028439123533441474,
  "n_classes_in_test": 178,
  "n_classes_in_train": 180,
  "importance_weights": {
    "0": 0.8709351525149072,
    "1": 1.8015175531064016,
    "2": 2.649175092204984,
    "3": 1.2447530917476435,
    "4": 0.6376857271364359,
    "5": 2.3570659737625093,
    "6": 0.8481589966464599,
    "7": 0.524227843799771,
    "8": 1.5416556449071324,
    "9": 2.01167508104743,
    "10": 1.6523130772929495,
    "11": 0.8622883686464553,
    "12": 5.189711634979328,
    "13": 1.1504716174298955,
    "14": 0.892841288419069,
    "15": 0.643115229804362,
    "16": 0.6895753294703123,
    "17": 1.2182112282177397,
    "18": 0.6645929180527383,
    "19": 0.445208589939771,
    "20": 1.9219977795672627,
    "21": 0.5949779045566677,
    "22": 1.0273929617325874,
    "23": 0.9602306849115417,
    "24": 0.668292275096097,
    "25": 0.9478245014661647,
    "26": 1.4892586171811772,
    "27": 0.19383282712633773,
    "28": 1.2438377679472867,
    "29": 0.6018041115027993,
    "30": 4.252499210087098,
    "31": 2.088371322605855,
    "32": 1.7892231341718692,
    "33": 1.8856154585655034,
    "34": 0.2970830755890084,
    "35": 2.1629799255680804,
    "36": 1.1426528782823135,
    "37": 1.2024901676770725,
    "38": 96.6919535465685,
    "39": 1.382929244309628,
    "40": 0.8968390565406299,
    "41": 1.9795841911105643,
    "42": 0.5942377553102649,
    "43": 2.0009027900917546,
    "44": 0.22934968166239986,
    "45": 0.8733421159006928,
    "46": 1.0099375816970568,
    "47": 0.4255423118870091,
    "48": 0.08249567631224076,
    "49": 0.736638760414293,
    "50": 0.3033046545627598,
    "51": 4.594785300301907,
    "52": 1.319800077818528,
    "53": 0.6752755209130461,
    "54": 0.6745813395208785,
    "55": 0.6514429202627421,
    "56": 0.8986763036567506,
    "57": 0.7880901631775882,
    "58": 0.88149079598421,
    "59": 0.0,
    "60": 0.7641202490892122,
    "61": 2.5737327696799204,
    "62": 2.567987642314459,
    "63": 1.476819514663563,
    "64": 2.7598462022469517,
    "65": 4.124357311817225,
    "66": 0.8907212827284585,
    "67": 1.1885985302960147,
    "68": 1.0718587163406035,
    "69": 1.837252853035966,
    "70": 0.41549967420605394,
    "71": 1.5097374540957695,
    "72": 1.178589023503407,
    "73": 0.9034046706881077,
    "74": 0.8006064689323036,
    "75": 0.826149635946588,
    "76": 1.6299168458151756,
    "77": 0.8103528489638995,
    "78": 1.397809907478193,
    "79": 1.791943750217757,
    "80": 0.7016400390152946,
    "81": 1.4971182880828147,
    "82": 0.8540545288571271,
    "83": 0.8360942333668977,
    "84": 0.8561489915371581,
    "85": 2.0043794000228887,
    "86": 10.278610223074082,
    "87": 2.164478519511055,
    "88": 1.2790132675195454,
    "89": 4.680605748212242,
    "90": 0.862766082506532,
    "91": 0.8236006273509886,
    "92": 1.160937646210123,
    "93": 1.0277964622281226,
    "94": 1.0344818177631128,
    "95": 0.4121952804070781,
    "96": 8.804461512684549,
    "97": 0.7196044694598603,
    "98": 1.7406346788351643,
    "99": 0.8486884996908459,
    "100": 1.2633196182762376,
    "101": 0.6800693338657982,
    "102": 0.9766358831873543,
    "103": 0.6700337226792488,
    "104": 1.4464127537708509,
    "105": 0.6973038790802557,
    "106": 0.4452869673910473,
    "107": 1.0595692441051496,
    "108": 1.0296457766487828,
    "109": 1.3854593014708234,
    "110": 1.3604606116792357,
    "111": 0.8828029450323784,
    "112": 0.7314062350759024,
    "113": 2.1189256527840827,
    "114": 0.41122896180099555,
    "115": 2.569821734289541,
    "116": 0.739924770226002,
    "117": 0.6731812384928783,
    "118": 0.7783266416282982,
    "119": 0.3614999227871076,
    "120": 2.240422090729092,
    "121": 1.0866206267772731,
    "122": 0.0,
    "123": 1.2190299736531751,
    "124": 3.0802130307835123,
    "125": 1.7476719123187598,
    "126": 1.3352890586071737,
    "127": 0.8798818713446983,
    "128": 0.01664215377142131,
    "129": 0.41765981212447484,
    "130": 0.47418136695350177,
    "131": 1.4680644972947887,
    "132": 0.9238781164982313,
    "133": 1.418103389250426,
    "134": 0.7420709084457462,
    "135": 1.1401066327252656,
    "136": 1.1388200353099254,
    "137": 1.1261020553490264,
    "138": 1.1398978538918245,
    "139": 0.7171356664225185,
    "140": 2.024256106564589,
    "141": 1.3927066910164425,
    "142": 0.21203468830856617,
    "143": 0.9759590872888865,
    "144": 0.9258643629386079,
    "145": 0.731153282909744,
    "146": 1.0504500326574762,
    "147": 1.1750447976080098,
    "148": 1.4358353124897183,
    "149": 0.0028439123533441474,
    "150": 1.1772917488832415,
    "151": 0.985907645613318,
    "152": 1.1960154028369963,
    "153": 1.5762686762277314,
    "154": 0.6147873897977906,
    "155": 0.5098126980807007,
    "156": 0.5811257439195023,
    "157": 0.7064293639054284,
    "158": 4.12537648971652,
    "159": 1.789092714816656,
    "160": 0.847155599657338,
    "161": 0.9989749982612985,
    "162": 1.3490419055274163,
    "163": 3.285785235244994,
    "164": 1.8816035107813214,
    "165": 0.7022858874713452,
    "166": 0.8178611639828307,
    "167": 0.9990456311448227,
    "168": 1.3990192916531443,
    "169": 0.5476308725408323,
    "170": 0.48023483818635726,
    "171": 1.8794008727821627,
    "172": 1.2304550552974693,
    "173": 2.8061227334095844,
    "174": 0.9787736611833002,
    "175": 1.6877140982673773,
    "176": 1.7552271555795909,
    "177": 1.0389800047668842,
    "178": 0.753036550928458,
    "179": 1.8373621687776713
  },
  "p_train": {
    "72": 0.04433604056888327,
    "99": 0.035817016547124006,
    "118": 0.03368020938461998,
    "102": 0.032488666031449384,
    "96": 0.029730948284565895,
    "123": 0.02961342900016228,
    "135": 0.029347324463999652,
    "97": 0.02757799499429163,
    "25": 0.02635681634331491,
    "151": 0.02447405521648687,
    "78": 0.023987218807009627,
    "103": 0.02391793352455254,
    "98": 0.023903831210424102,
    "155": 0.022328050892594733,
    "177": 0.022260400661051085,
    "83": 0.021497445028566382,
    "140": 0.01888606433843592,
    "94": 0.018151313334208087,
    "133": 0.018091633975867466,
    "79": 0.017266342027307802,
    "84": 0.015022234648609164,
    "131": 0.015010993673579253,
    "29": 0.014711370593691075,
    "125": 0.014372301910516116,
    "61": 0.014310169975805333,
    "144": 0.014156679571306001,
    "158": 0.013870545661453716,
    "100": 0.013377169048322703,
    "138": 0.01173843927032583,
    "87": 0.010632736090110926,
    "116": 0.010624356454179537,
    "52": 0.010315740594267429,
    "76": 0.009999562623880654,
    "101": 0.008987874871188645,
    "50": 0.00884255972125652,
    "18": 0.008526994894962286,
    "62": 0.008353883879501653,
    "134": 0.008235751451005495,
    "57": 0.007369991992338151,
    "74": 0.007341378601352923,
    "19": 0.006962864314891185,
    "17": 0.005957716765852943,
    "64": 0.005603728243092829,
    "51": 0.00558431201349571,
    "28": 0.005422237591700809,
    "80": 0.005407522133479834,
    "63": 0.005406091463930573,
    "88": 0.005193943607911521,
    "73": 0.005154498004624741,
    "136": 0.004873269247512781,
    "39": 0.004468594146435977,
    "14": 0.004346987234748756,
    "174": 0.004238256349004888,
    "167": 0.004129729844625199,