{
  "test_week": "WEEK-2022-39",
  "test_week_num": 39,
  "train_week": 33,
  "loss": 0.5373221580910339,
  "total_samples": 274944,
  "accuracy": 86.27538698789571,
  "reweighted_accuracy": 86.82177722858239,
  "top3_accuracy": 94.78439245810057,
  "top5_accuracy": 96.90264199255121,
  "top10_accuracy": 98.4709613594041,
  "reweighted_top3_accuracy": 95.44928535958167,
  "reweighted_top5_accuracy": 97.44124867691649,
  "reweighted_top10_accuracy": 98.74648307246176,
  "macro_f1": 74.628456128123,
  "reweighted_macro_f1": 75.70738225064102,
  "js_divergence": 0.17920888542877078,
  "weight_mean": 1.0,
  "weight_std": 0.7341589204138053,
  "weight_max": 13.248534595059457,
  "weight_min": 0.02429986153217815,
  "n_classes_in_test": 180,
  "n_classes_in_train": 180,
  "importance_weights": {
    "0": 0.5234428277069996,
    "1": 1.560940061722347,
    "2": 1.4884818387475238,
    "3": 1.0650873107506555,
    "4": 0.8394509731382003,
    "5": 0.8722670456925657,
    "6": 0.9047673995719203,
    "7": 0.7867080171042676,
    "8": 1.3909406421892858,
    "9": 1.3110729934027447,
    "10": 3.185208069251425,
    "11": 1.2836827101949921,
    "12": 0.6994577694634168,
    "13": 0.9125104252448148,
    "14": 0.9351940988034132,
    "15": 0.9007806795843863,
    "16": 0.380062748211835,
    "17": 1.1257996415605989,
    "18": 0.431996698802379,
    "19": 0.5060528062895696,
    "20": 0.8828376580082931,
    "21": 0.43390384616844485,
    "22": 0.993379154867038,
    "23": 0.49754980630378676,
    "24": 0.42372960057634684,
    "25": 1.1493494865497818,
    "26": 1.3974724678216695,
    "27": 0.23790262552462713,
    "28": 0.8858061155155005,
    "29": 0.9532884931679941,
    "30": 5.430059847381336,
    "31": 3.4519596775354957,
    "32": 1.6131734410582426,
    "33": 0.17607274668524087,
    "34": 0.5408089483853182,
    "35": 0.6304052838140439,
    "36": 0.9145480698837111,
    "37": 1.8682662658291262,
    "38": 10.748554376547593,
    "39": 1.59975670442408,
    "40": 3.1477532721841714,
    "41": 0.8694905331898038,
    "42": 0.40204579805251495,
    "43": 1.185921056250949,
    "44": 0.1619692976391139,
    "45": 1.3292137355861238,
    "46": 1.3274816092560355,
    "47": 0.377122587944615,
    "48": 1.3205456001393063,
    "49": 1.8295867173291087,
    "50": 0.4001989695475148,
    "51": 1.0188275263693194,
    "52": 1.1473507208536666,
    "53": 0.7374398339405446,
    "54": 0.5441808791782856,
    "55": 0.8310966846190135,
    "56": 1.202859631501931,
    "57": 1.3410556441703645,
    "58": 1.4470381574084035,
    "59": 0.7409529953222194,
    "60": 1.167975923327588,
    "61": 0.5342878019863961,
    "62": 0.7882121651907009,
    "63": 0.4884562640351388,
    "64": 1.0278261895056136,
    "65": 1.21628588949001,
    "66": 0.8969102509102959,
    "67": 1.1551763638908583,
    "68": 0.40966483555202166,
    "69": 1.0974677675101714,
    "70": 0.9479358951089473,
    "71": 0.85468836143941,
    "72": 1.609231463784956,
    "73": 1.1899230053598193,
    "74": 1.2897559093740436,
    "75": 1.2398016427666076,
    "76": 2.194189741468669,
    "77": 0.8181454999306249,
    "78": 1.9506482956741955,
    "79": 2.5345846996028385,
    "80": 1.1004927945725236,
    "81": 2.3433566569390365,
    "82": 1.0558449703241488,
    "83": 1.865128913201059,
    "84": 0.9741210573649052,
    "85": 0.7686211883502031,
    "86": 0.5239947848228605,
    "87": 0.42172634038653467,
    "88": 1.3173834237395068,
    "89": 1.6055265655189135,
    "90": 1.1832189599144443,
    "91": 0.9720438994819749,
    "92": 1.0315227496996515,
    "93": 0.7099995256405862,
    "94": 1.007183590991021,
    "95": 0.42613350926481164,
    "96": 13.248534595059457,
    "97": 0.967637092357136,
    "98": 1.1094218380011553,
    "99": 1.1655431172366508,
    "100": 0.9828894620048202,
    "101": 0.6591523789234705,
    "102": 1.120492196857855,
    "103": 0.9381016141190547,
    "104": 1.5521169116256432,
    "105": 0.7795723434797391,
    "106": 0.43642442180677293,
    "107": 0.969336663932044,
    "108": 0.9732751659098207,
    "109": 1.6710980710452468,
    "110": 0.8648107985857383,
    "111": 1.5559602028259785,
    "112": 0.4808019972792446,
    "113": 1.9785850715889748,
    "114": 0.8123589457784285,
    "115": 4.639011948685491,
    "116": 1.0879341009079846,
    "117": 1.2306468981573475,
    "118": 0.9008825264174487,
    "119": 0.799170269679364,
    "120": 0.899799812189789,
    "121": 0.5483566967293919,
    "122": 0.06641041702828233,
    "123": 1.036277793435232,
    "124": 0.5429259495872097,
    "125": 1.2771745883920307,
    "126": 1.2214043347185135,
    "127": 1.2786359751259706,
    "128": 0.02429986153217815,
    "129": 0.35252053763381813,
    "130": 0.7447219827682446,
    "131": 1.0719954921009283,
    "132": 1.3753930795182607,
    "133": 1.4747068520192423,
    "134": 0.9751810710358547,
    "135": 1.2937102416915056,
    "136": 1.2475569273632718,
    "137": 1.3502950629709802,
    "138": 1.3486892798748287,
    "139": 1.5964888331964562,
    "140": 1.9654088090336586,
    "141": 1.205414410260758,
    "142": 0.18974971077570296,
    "143": 1.1292436195825855,
    "144": 0.9160494488239955,
    "145": 0.8801522527764452,
    "146": 1.252414705985939,
    "147": 1.2514367449501353,
    "148": 1.4008882724882075,
    "149": 0.04994971537169953,
    "150": 1.3782487041657177,
    "151": 0.7743377028126314,
    "152": 1.1435224555445918,
    "153": 0.8122644810649933,
    "154": 1.02885061457662,
    "155": 0.49975281867580323,
    "156": 0.5320815383540024,
    "157": 0.5905184645092656,
    "158": 1.0360291514106847,
    "159": 0.802869188205731,
    "160": 0.6046077780144943,
    "161": 0.9442564675059549,
    "162": 0.9970536934921846,
    "163": 1.586979965537919,
    "164": 1.2210680419919522,
    "165": 0.9919242190449817,
    "166": 1.071982676367811,
    "167": 1.0651448803007793,
    "168": 0.632409446592479,
    "169": 0.48700972487407046,
    "170": 0.7928227291616503,
    "171": 1.3181317930176069,
    "172": 1.0328626510274845,
    "173": 0.9837777993145831,
    "174": 0.7379880643576946,
    "175": 1.8116954704130162,
    "176": 1.3022353814426582,
    "177": 1.4131525281348487,
    "178": 0.700579769570823,
    "179": 1.328612973723473
  },
  "p_train": {
    "72": 0.04433604056888327,
    "99": 0.035817016547124006,
    "118": 0.03368020938461998,
    "102": 0.032488666031449384,
    "96": 0.029730948284565895,
    "123": 0.02961342900016228,
    "135": 0.029347324463999652,
    "97": 0.02757799499429163,
    "25": 0.02635681634331491,
    "151": 0.02447405521648687,
    "78": 0.023987218807009627,
    "103": 0.02391793352455254,
    "98": 0.023903831210424102,
    "155": 0.022328050892594733,
    "177": 0.022260400661051085,
    "83": 0.021497445028566382,
    "140": 0.01888606433843592,
    "94": 0.018151313334208087,
    "133": 0.018091633975867466,
    "79": 0.017266342027307802,
    "84": 0.015022234648609164,
    "131": 0.015010993673579253,
    "29": 0.014711370593691075,
    "125": 0.014372301910516116,
    "61": 0.014310169975805333,
    "144": 0.014156679571306001,
    "158": 0.013870545661453716,
    "100": 0.013377169048322703,
    "138": 0.01173843927032583,
    "87": 0.010632736090110926,
    "116": 0.010624356454179537,
    "52": 0.010315740594267429,
    "76": 0.009999562623880654,
    "101": 0.008987874871188645,
    "50": 0.00884255972125652,
    "18": 0.008526994894962286,
    "62": 0.008353883879501653,
    "134": 0.008235751451005495,
    "57": 0.007369991992338151,
    "74": 0.007341378601352923,
    "19": 0.006962864314891185,
    "17": 0.005957716765852943,
    "64": 0.005603728243092829,
    "51": 0.00558431201349571,
    "28": 0.005422237591700809,
    "80": 0.005407522133479834,
    "63": 0.005406091463930573,
    "88": 0.005193943607911521,
    "73": 0.005154498004624741,
    "136": 0.004873269247512781,
    "39": 0.004468594146435977,
    "14": 0.004346987234748756,
    "174": 0.004238256349004888,