{
  "test_week": "WEEK-2022-38",
  "test_week_num": 38,
  "train_week": 33,
  "loss": 0.5073712682031589,
  "total_samples": 292544,
  "accuracy": 86.54287901990811,
  "reweighted_accuracy": 87.12267520603798,
  "top3_accuracy": 95.01818529862175,
  "top5_accuracy": 97.06232224896084,
  "top10_accuracy": 98.51782979654342,
  "reweighted_top3_accuracy": 95.56797532428497,
  "reweighted_top5_accuracy": 97.55270948373193,
  "reweighted_top10_accuracy": 98.80365010661333,
  "macro_f1": 75.02334165934356,
  "reweighted_macro_f1": 76.21381745936282,
  "js_divergence": 0.17479692315302162,
  "weight_mean": 1.0000000000000002,
  "weight_std": 0.8205405147121081,
  "weight_max": 19.730878794902075,
  "weight_min": 0.0041835947617073046,
  "n_classes_in_test": 180,
  "n_classes_in_train": 180,
  "importance_weights": {
    "0": 0.6009776593057369,
    "1": 1.5606362281923851,
    "2": 1.4064469814131562,
    "3": 1.0192695321519254,
    "4": 0.7487006815445238,
    "5": 1.30383121067109,
    "6": 1.0240635079233291,
    "7": 0.47832433442186845,
    "8": 1.352140259306337,
    "9": 1.3195934171922221,
    "10": 1.7049474742276418,
    "11": 1.00430524775121,
    "12": 0.7353420388605815,
    "13": 0.8354453612358701,
    "14": 0.9330044267075129,
    "15": 0.8874466528683508,
    "16": 0.4563068713931592,
    "17": 0.9415960527010714,
    "18": 0.49445415154645134,
    "19": 0.5547233600586947,
    "20": 0.8943519366660385,
    "21": 0.5262566268065234,
    "22": 1.158002111091178,
    "23": 0.3899835399046923,
    "24": 0.4441413546914719,
    "25": 1.0550805254979088,
    "26": 1.094440069749529,
    "27": 0.3296479524763199,
    "28": 0.9308938227855174,
    "29": 0.9166609582451037,
    "30": 15.96733596361001,
    "31": 4.842653054544968,
    "32": 1.452370251214896,
    "33": 1.2773433930583988,
    "34": 3.0612757402999584,
    "35": 0.7084648518341654,
    "36": 1.2556013778574049,
    "37": 4.6935575315145845,
    "38": 12.109343260400687,
    "39": 1.7246179498350482,
    "40": 4.540095140887568,
    "41": 0.9140028848109439,
    "42": 0.41149961123057804,
    "43": 0.5100522656083765,
    "44": 0.1331698431060884,
    "45": 1.4068176687659055,
    "46": 1.7049363586779478,
    "47": 0.41482456456285427,
    "48": 2.810155464728477,
    "49": 1.6010751872815545,
    "50": 0.46812120721955613,
    "51": 1.1136039357028555,
    "52": 1.1651768403124982,
    "53": 0.7330241753249604,
    "54": 0.6570901320487476,
    "55": 0.9042943878933534,
    "56": 1.4738368554373822,
    "57": 1.2996063516615866,
    "58": 1.2129213126477363,
    "59": 1.1574905342629194,
    "60": 1.1490033833291027,
    "61": 0.57135995160393,
    "62": 0.8086957662623864,
    "63": 0.5133137361973727,
    "64": 0.9437749425143055,
    "65": 1.2014687645628583,
    "66": 0.9072938478895298,
    "67": 1.0225299279778186,
    "68": 0.3748221887891171,
    "69": 0.9792234835325939,
    "70": 2.248373499040293,
    "71": 0.8793722138722794,
    "72": 1.5514644320793525,
    "73": 1.0856137251727431,
    "74": 1.1491044738117655,
    "75": 1.309628975871923,
    "76": 1.9437289357080014,
    "77": 1.0197490442105503,
    "78": 1.9601443962787217,
    "79": 2.2173682010696814,
    "80": 1.0101776213389044,
    "81": 2.147061747652328,
    "82": 0.9645189366252362,
    "83": 1.759146449912426,
    "84": 1.0602327172600046,
    "85": 0.5120829941781812,
    "86": 0.5575372815235792,
    "87": 0.4283314715981012,
    "88": 1.3978445619437607,
    "89": 1.993018060091119,
    "90": 1.556214935254482,
    "91": 0.9067549632983051,
    "92": 1.0918272850933954,
    "93": 0.7407513038906757,
    "94": 1.0415962746258476,
    "95": 0.29895270901366783,
    "96": 16.662089147433036,
    "97": 0.9714361189175256,
    "98": 1.011122382536482,
    "99": 1.1757241122937439,
    "100": 1.0648736168904807,
    "101": 0.5809431874319512,
    "102": 1.1544229704244295,
    "103": 1.1578765422814328,
    "104": 1.3883566486397454,
    "105": 0.9331595274212345,
    "106": 0.25243597890021297,
    "107": 1.130705579425028,
    "108": 0.9073821875904207,
    "109": 2.01326459276506,
    "110": 0.9841199988612092,
    "111": 2.1898145713530237,
    "112": 0.607938762370945,
    "113": 1.6893903704426692,
    "114": 0.8325435565129096,
    "115": 5.3424607646089575,
    "116": 1.0180451144878804,
    "117": 1.5261970513852123,
    "118": 0.8507851804001613,
    "119": 0.40789408305269104,
    "120": 0.9591175781102771,
    "121": 0.6014928505354996,
    "122": 0.06477308695296136,
    "123": 0.9547312071218288,
    "124": 0.4180154656376732,
    "125": 1.1917603996910506,
    "126": 1.08622458928787,
    "127": 0.8397478509052889,
    "128": 0.956648668843737,
    "129": 0.2940492518816976,
    "130": 0.5982461048752145,
    "131": 1.0099761116015569,
    "132": 1.173559854111277,
    "133": 1.2968877652134703,
    "134": 0.894660108608597,
    "135": 1.1698301795879977,
    "136": 1.0775855470479054,
    "137": 0.8569977658391811,
    "138": 1.1952697451786283,
    "139": 19.730878794902075,
    "140": 2.00181333544326,
    "141": 0.9284645750646705,
    "142": 0.22152814249083178,
    "143": 1.3415140010302646,
    "144": 1.1085256072023937,
    "145": 0.9502879729072761,
    "146": 1.285945077822292,
    "147": 1.4052049462829679,
    "148": 1.1698908282028915,
    "149": 0.0041835947617073046,
    "150": 1.130653594297262,
    "151": 0.8050076466440225,
    "152": 1.1761653723194874,
    "153": 0.89363993923859,
    "154": 0.9407668061773857,
    "155": 0.5386720534655478,
    "156": 0.5898406472725483,
    "157": 0.6833269241651277,
    "158": 1.0154516791752541,
    "159": 0.7896726435653713,
    "160": 0.8019279539605113,
    "161": 0.9605061231535909,
    "162": 0.9308891073556027,
    "163": 1.7742193382767675,
    "164": 1.5022373627936807,
    "165": 1.0451735001536095,
    "166": 1.0261856312538127,
    "167": 1.1002984404972989,
    "168": 0.504459428036762,
    "169": 0.5829577825766522,
    "170": 0.5670689997087036,
    "171": 1.2596612294612943,
    "172": 0.9271224753609055,
    "173": 0.9206273178396311,
    "174": 0.7729903150643928,
    "175": 0.8410984082811508,
    "176": 0.9522624901014515,
    "177": 1.3917817163895125,
    "178": 0.7454260071480988,
    "179": 1.3598077507135975
  },
  "p_train": {
    "72": 0.04433604056888327,
    "99": 0.035817016547124006,
    "118": 0.03368020938461998,
    "102": 0.032488666031449384,
    "96": 0.029730948284565895,
    "123": 0.02961342900016228,
    "135": 0.029347324463999652,
    "97": 0.02757799499429163,
    "25": 0.02635681634331491,
    "151": 0.02447405521648687,
    "78": 0.023987218807009627,
    "103": 0.02391793352455254,
    "98": 0.023903831210424102,
    "155": 0.022328050892594733,
    "177": 0.022260400661051085,
    "83": 0.021497445028566382,
    "140": 0.01888606433843592,
    "94": 0.018151313334208087,
    "133": 0.018091633975867466,
    "79": 0.017266342027307802,
    "84": 0.015022234648609164,
    "131": 0.015010993673579253,
    "29": 0.014711370593691075,
    "125": 0.014372301910516116,
    "61": 0.014310169975805333,
    "144": 0.014156679571306001,
    "158": 0.013870545661453716,
    "100": 0.013377169048322703,
    "138": 0.01173843927032583,
    "87": 0.010632736090110926,
    "116": 0.010624356454179537,
    "52": 0.010315740594267429,
    "76": 0.009999562623880654,
    "101": 0.008987874871188645,
    "50": 0.00884255972125652,
    "18": 0.008526994894962286,
    "62": 0.008353883879501653,
    "134": 0.008235751451005495,
    "57": 0.007369991992338151,
    "74": 0.007341378601352923,
    "19": 0.006962864314891185,
    "17": 0.005957716765852943,
    "64": 0.005603728243092829,
    "51": 0.00558431201349571,
    "28": 0.005422237591700809,
    "80": 0.005407522133479834,
    "63": 0.005406091463930573,
    "88": 0.005193943607911521,
    "73": 0.005154498004624741,
    "136": 0.004873269247512781,
    "39": 0.004468594146435977,
    "14": 0.004346987234748756,
    "174": 0.004238256349004888,