{
  "test_week": "WEEK-2022-37",
  "test_week_num": 37,
  "train_week": 33,
  "loss": 0.5108571510990905,
  "total_samples": 286400,
  "accuracy": 86.34322625698324,
  "reweighted_accuracy": 87.65375126755589,
  "top3_accuracy": 94.94203910614524,
  "top5_accuracy": 97.08798882681565,
  "top10_accuracy": 98.63687150837988,
  "reweighted_top3_accuracy": 95.84846311166926,
  "reweighted_top5_accuracy": 97.68863687845676,
  "reweighted_top10_accuracy": 98.86256691610666,
  "macro_f1": 75.95895294697793,
  "reweighted_macro_f1": 76.82317252166922,
  "js_divergence": 0.12731933501254356,
  "weight_mean": 1.0,
  "weight_std": 0.3435312648850191,
  "weight_max": 15.502722658482105,
  "weight_min": 0.0032073875452718024,
  "n_classes_in_test": 180,
  "n_classes_in_train": 180,
  "importance_weights": {
    "0": 0.8967111694528795,
    "1": 1.576794805824954,
    "2": 1.2340368722037387,
    "3": 1.0098133185759708,
    "4": 0.4391401015866136,
    "5": 0.9285809895765639,
    "6": 1.3518630546017096,
    "7": 3.2779500712677816,
    "8": 1.7630377793236245,
    "9": 1.0575118632258496,
    "10": 1.8383098372650397,
    "11": 1.114307908155375,
    "12": 0.978794587488685,
    "13": 0.9378579370571708,
    "14": 1.1657089363595916,
    "15": 1.0662650089777301,
    "16": 0.5876896199201523,
    "17": 1.2364420882175962,
    "18": 0.6528017476389197,
    "19": 0.728861235301475,
    "20": 1.1119390654572132,
    "21": 0.6511419855100342,
    "22": 1.8138908587645668,
    "23": 0.5553657305674177,
    "24": 0.6672880625984136,
    "25": 1.145287847174236,
    "26": 0.8686278628006775,
    "27": 0.417473357290812,
    "28": 1.0746912430886586,
    "29": 1.0707335547733479,
    "30": 3.523604409161386,
    "31": 1.1076321509949274,
    "32": 1.7352588460362899,
    "33": 0.48265555560647166,
    "34": 1.0124942305074227,
    "35": 0.6493960247045639,
    "36": 0.7189843316695842,
    "37": 2.432638366965008,
    "38": 15.502722658482105,
    "39": 1.5977595050427762,
    "40": 1.7095170014532983,
    "41": 1.1252876218681171,
    "42": 0.62932844514977,
    "43": 1.0998125126096618,
    "44": 0.26074602839630084,
    "45": 1.227850738454163,
    "46": 1.436902647700147,
    "47": 0.5879375690350797,
    "48": 1.375568333478444,
    "49": 1.2127942255022501,
    "50": 0.7129811667139265,
    "51": 1.560338498209923,
    "52": 1.2310117109159133,
    "53": 0.8423138386386528,
    "54": 0.8743019068718925,
    "55": 0.9773935235781857,
    "56": 1.1220478285957414,
    "57": 1.4516958092198393,
    "58": 1.2778415101105063,
    "59": 0.7205196817469799,
    "60": 1.1498400043467905,
    "61": 0.7391222148008381,
    "62": 0.9998129306683132,
    "63": 0.6568963068602953,
    "64": 1.1262510658398501,
    "65": 3.5514139147753667,
    "66": 1.0226296448272927,
    "67": 1.110397870186991,
    "68": 0.8023805097739861,
    "69": 1.0305572020277805,
    "70": 2.709111666043199,
    "71": 0.7636467664534476,
    "72": 0.9995152722707941,
    "73": 0.7898599403555515,
    "74": 0.8363448016815741,
    "75": 0.9417372360247831,
    "76": 1.19627181933142,
    "77": 0.6979601643186771,
    "78": 1.1007754312333853,
    "79": 1.0421665662004118,
    "80": 0.8518780742731707,
    "81": 0.8526297695435462,
    "82": 0.7184296400592504,
    "83": 0.8972410749317126,
    "84": 1.1412116719792214,
    "85": 1.574219120664919,
    "86": 0.7082229787981157,
    "87": 0.5683493124687886,
    "88": 1.4358546807971617,
    "89": 1.3303368795729635,
    "90": 1.2608535372651526,
    "91": 1.087601565853958,
    "92": 1.2646412311989899,
    "93": 1.0470498622508644,
    "94": 1.2520559101438333,
    "95": 0.4842426241645587,
    "96": 1.2452388986106568,
    "97": 0.9834812310254168,
    "98": 1.1067017876924445,
    "99": 1.2290910063618878,
    "100": 1.143306838388428,
    "101": 0.563636383426413,
    "102": 1.207782184762085,
    "103": 1.2825493655554854,
    "104": 2.203096348919182,
    "105": 0.900694278888343,
    "106": 0.7810665127929,
    "107": 1.176688207529056,
    "108": 1.1093338621103785,
    "109": 0.8848351821152087,
    "110": 1.0618465922351485,
    "111": 2.2101707426505373,
    "112": 0.7972013238527231,
    "113": 2.3231219229278066,
    "114": 1.2733661590177046,
    "115": 2.3522326900301214,
    "116": 1.2132438949270412,
    "117": 1.0290944946391534,
    "118": 1.0055261094292882,
    "119": 0.5047733977192397,
    "120": 1.2277198141674055,
    "121": 1.4588881711972843,
    "122": 0.10376627660669115,
    "123": 1.1000371031966896,
    "124": 0.6079639539648443,
    "125": 1.2007664139941119,
    "126": 1.2814493919408865,
    "127": 0.7791252707909474,
    "128": 0.4682785816096831,
    "129": 0.5273807854679328,
    "130": 0.5890381012224953,
    "131": 1.0636191459953237,
    "132": 1.1642875318306445,
    "133": 1.419962721482171,
    "134": 1.026422635147073,
    "135": 1.1412184285797013,
    "136": 1.128297746554293,
    "137": 0.6121337618801778,
    "138": 1.1783697886510052,
    "139": 7.174696839662644,
    "140": 1.8102305309665485,
    "141": 1.092966001206406,
    "142": 0.11892162890074746,
    "143": 1.2944878015549972,
    "144": 0.9394052431005651,
    "145": 1.1483467944473822,
    "146": 1.3910913803826326,
    "147": 1.2386506734819347,
    "148": 1.2361980817610347,
    "149": 0.0032073875452718024,
    "150": 1.0723553416376703,
    "151": 0.9882094197098322,
    "152": 1.2862093222271282,
    "153": 1.0363413576227718,
    "154": 0.7101754995195043,
    "155": 0.6657041198874799,
    "156": 0.8009829609630144,
    "157": 0.865617988441825,
    "158": 1.1656467950235752,
    "159": 0.6301512225189946,
    "160": 0.6739425700456498,
    "161": 1.1211669886616453,
    "162": 1.41453169705563,
    "163": 2.0142865458945924,
    "164": 1.4261211349022167,
    "165": 0.8397764802671658,
    "166": 1.1089209490973249,
    "167": 1.178042457669977,
    "168": 0.3675379275261357,
    "169": 1.1414290426736025,
    "170": 0.620675143818321,
    "171": 1.373053951060007,
    "172": 0.9802631641696032,
    "173": 0.8583736490571718,
    "174": 1.005664141139188,
    "175": 0.6785703520547722,
    "176": 1.107596989185747,
    "177": 1.051522142392385,
    "178": 0.7847784269689915,
    "179": 1.4485093949273617
  },
  "p_train": {
    "72": 0.04433604056888327,
    "99": 0.035817016547124006,
    "118": 0.03368020938461998,
    "102": 0.032488666031449384,
    "96": 0.029730948284565895,
    "123": 0.02961342900016228,
    "135": 0.029347324463999652,
    "97": 0.02757799499429163,
    "25": 0.02635681634331491,
    "151": 0.02447405521648687,
    "78": 0.023987218807009627,
    "103": 0.02391793352455254,
    "98": 0.023903831210424102,
    "155": 0.022328050892594733,
    "177": 0.022260400661051085,
    "83": 0.021497445028566382,
    "140": 0.01888606433843592,
    "94": 0.018151313334208087,
    "133": 0.018091633975867466,
    "79": 0.017266342027307802,
    "84": 0.015022234648609164,
    "131": 0.015010993673579253,
    "29": 0.014711370593691075,
    "125": 0.014372301910516116,
    "61": 0.014310169975805333,
    "144": 0.014156679571306001,
    "158": 0.013870545661453716,
    "100": 0.013377169048322703,
    "138": 0.01173843927032583,
    "87": 0.010632736090110926,
    "116": 0.010624356454179537,
    "52": 0.010315740594267429,
    "76": 0.009999562623880654,
    "101": 0.008987874871188645,
    "50": 0.00884255972125652,
    "18": 0.008526994894962286,
    "62": 0.008353883879501653,
    "134": 0.008235751451005495,
    "57": 0.007369991992338151,
    "74": 0.007341378601352923,
    "19": 0.006962864314891185,
    "17": 0.005957716765852943,
    "64": 0.005603728243092829,
    "51": 0.00558431201349571,
    "28": 0.005422237591700809,
    "80": 0.005407522133479834,
    "63": 0.005406091463930573,
    "88": 0.005193943607911521,
    "73": 0.005154498004624741,
    "136": 0.004873269247512781,
    "39": 0.004468594146435977,
    "14": 0.004346987234748756,
    "174": 0.004238256349004888,
    "167": 0.004129729844625199,