{
  "test_week": "WEEK-2022-42",
  "test_week_num": 42,
  "train_week": 33,
  "loss": 0.6030417560740898,
  "total_samples": 323456,
  "accuracy": 84.70549317372378,
  "reweighted_accuracy": 85.41618389474071,
  "top3_accuracy": 93.87459190740009,
  "top5_accuracy": 96.16856697665216,
  "top10_accuracy": 97.91563612979817,
  "reweighted_top3_accuracy": 94.74281107509832,
  "reweighted_top5_accuracy": 96.98890062964861,
  "reweighted_top10_accuracy": 98.4772943858569,
  "macro_f1": 72.63116285173,
  "reweighted_macro_f1": 73.67133285248653,
  "js_divergence": 0.18143201536196105,
  "weight_mean": 1.0000000000000002,
  "weight_std": 0.7810777087360089,
  "weight_max": 17.508549791277893,
  "weight_min": 0.01023613603080341,
  "n_classes_in_test": 180,
  "n_classes_in_train": 180,
  "importance_weights": {
    "0": 0.6490872841991032,
    "1": 1.1437882772572183,
    "2": 1.3826672066551782,
    "3": 1.2448250885717367,
    "4": 0.771113483838762,
    "5": 1.1609982390412152,
    "6": 0.911938281158693,
    "7": 0.7404138395614467,
    "8": 1.6071419023899132,
    "9": 1.3296576824988506,
    "10": 1.2241902128207185,
    "11": 1.1724998440925638,
    "12": 1.305323518033108,
    "13": 0.909621009957407,
    "14": 0.8972936202954012,
    "15": 0.8477738462978563,
    "16": 0.3687378447022284,
    "17": 1.1491110520069945,
    "18": 0.3975937236189882,
    "19": 0.48381960039472466,
    "20": 0.9601088928698577,
    "21": 0.46068251882984934,
    "22": 1.0065287228555175,
    "23": 0.5858161367411522,
    "24": 0.6123206744251533,
    "25": 1.148648664395482,
    "26": 1.1572175387736547,
    "27": 0.22061242338034148,
    "28": 0.9573445864962756,
    "29": 0.8523161538156797,
    "30": 3.082539250419084,
    "31": 1.781004536899091,
    "32": 1.6166503477437428,
    "33": 1.2946224129236605,
    "34": 0.4273672955621626,
    "35": 0.7022919257871338,
    "36": 0.03681484552994789,
    "37": 1.0264960314956084,
    "38": 17.508549791277893,
    "39": 2.1224575451242225,
    "40": 1.4118270590298345,
    "41": 1.20514814197912,
    "42": 0.4427258077464277,
    "43": 2.148763573753338,
    "44": 0.15425288324196806,
    "45": 1.6515952771517624,
    "46": 1.8207214887473553,
    "47": 0.5813968079135143,
    "48": 0.5178489651694641,
    "49": 1.3088948459980345,
    "50": 0.426446846160541,
    "51": 6.497407290062116,
    "52": 1.3277708673535078,
    "53": 0.7628047269033369,
    "54": 0.447063854822559,
    "55": 0.7697086742263278,
    "56": 1.2342316919823946,
    "57": 1.5369878335742935,
    "58": 1.591899847939329,
    "59": 0.7886711041146961,
    "60": 0.8072711583298141,
    "61": 0.5159636985502274,
    "62": 0.750587184480024,
    "63": 0.51114665903453,
    "64": 0.9931833000536078,
    "65": 2.3991387072889663,
    "66": 0.9395017641413275,
    "67": 1.1098494949259603,
    "68": 0.34967380112246604,
    "69": 1.3505964296729702,
    "70": 0.7552254636123481,
    "71": 0.8147269733740086,
    "72": 1.4603623562371393,
    "73": 1.0001519535596284,
    "74": 1.1029321676169117,
    "75": 1.160087183124233,
    "76": 1.8471836253968823,
    "77": 0.9381888905820654,
    "78": 1.919072432955752,
    "79": 2.171423766246062,
    "80": 0.9225187126618424,
    "81": 1.5681028687632046,
    "82": 0.9815838989665201,
    "83": 1.0927986137293677,
    "84": 0.9435013457282573,
    "85": 0.8070731212481542,
    "86": 0.5231495468716013,
    "87": 0.424333409594438,
    "88": 1.4906940759899103,
    "89": 2.203612617742401,
    "90": 1.0963460298183874,
    "91": 0.9556581162146178,
    "92": 1.232927130708448,
    "93": 0.681194424746777,
    "94": 1.1185275682662623,
    "95": 0.527707232143575,
    "96": 15.313142688427622,
    "97": 0.8550870349763796,
    "98": 1.0874595819970378,
    "99": 1.3036152699748556,
    "100": 1.114038514854343,
    "101": 0.6813175660499635,
    "102": 1.2519244650784478,
    "103": 0.8403648822634876,
    "104": 1.0018637012081046,
    "105": 0.8024822616278576,
    "106": 0.5816999115085266,
    "107": 1.1403695296816923,
    "108": 1.089677180597072,
    "109": 1.2337645776521382,
    "110": 1.1693776667347537,
    "111": 1.0577882437118706,
    "112": 0.713730094044784,
    "113": 1.6268821756364864,
    "114": 0.6191636168173867,
    "115": 3.6649133938146425,
    "116": 1.1625547500822382,
    "117": 1.0111214464520426,
    "118": 0.8009164686598764,
    "119": 0.44327804388464526,
    "120": 1.5068325565965575,
    "121": 0.952545985466305,
    "122": 0.0954898801021707,
    "123": 1.0625226057322785,
    "124": 0.8099605627144321,
    "125": 1.163365186878854,
    "126": 1.4317992588875714,
    "127": 2.225284510429289,
    "128": 0.013856778032965316,
    "129": 0.2170020171127022,
    "130": 0.6274935821765928,
    "131": 0.9738058503171382,
    "132": 1.0264691253586398,
    "133": 1.3853805774853662,
    "134": 0.9098030127515142,
    "135": 1.270078697060138,
    "136": 1.175457254081651,
    "137": 1.0487484516673056,
    "138": 1.3731893716537111,
    "139": 3.458596876871305,
    "140": 2.2205782721385416,
    "141": 1.0697959361082054,
    "142": 0.2017974740577537,
    "143": 1.2626153949428154,
    "144": 1.060704875472864,
    "145": 0.9510792058176203,
    "146": 1.4772217675665877,
    "147": 1.6903545121932333,
    "148": 1.4193304188085307,
    "149": 0.01023613603080341,
    "150": 1.3495142663612747,
    "151": 1.025690593949725,
    "152": 1.7175705139422373,
    "153": 1.1251219520524747,
    "154": 0.747990305415707,
    "155": 0.4985945481197875,
    "156": 0.5403309089285123,
    "157": 0.6425411913441561,
    "158": 1.1815936838217471,
    "159": 1.4376581114548312,
    "160": 0.6003306558450603,
    "161": 0.9430773374994431,
    "162": 0.7704168728953239,
    "163": 2.050862197648893,
    "164": 1.4764204538874086,
    "165": 0.65042697020413,
    "166": 0.8849471209393381,
    "167": 1.3785200171548901,
    "168": 1.1086244172181758,
    "169": 0.25782267627586086,
    "170": 1.1776489066192388,
    "171": 1.3042074909285803,
    "172": 0.9225791492948184,
    "173": 1.1403543532862535,
    "174": 1.0610599424332237,
    "175": 2.7136947515542484,
    "176": 0.5877091841500476,
    "177": 1.3043949558371266,
    "178": 0.6472556107306486,
    "179": 1.0739238635038475
  },
  "p_train": {
    "72": 0.04433604056888327,
    "99": 0.035817016547124006,
    "118": 0.03368020938461998,
    "102": 0.032488666031449384,
    "96": 0.029730948284565895,
    "123": 0.02961342900016228,
    "135": 0.029347324463999652,
    "97": 0.02757799499429163,
    "25": 0.02635681634331491,
    "151": 0.02447405521648687,
    "78": 0.023987218807009627,
    "103": 0.02391793352455254,
    "98": 0.023903831210424102,
    "155": 0.022328050892594733,
    "177": 0.022260400661051085,
    "83": 0.021497445028566382,
    "140": 0.01888606433843592,
    "94": 0.018151313334208087,
    "133": 0.018091633975867466,
    "79": 0.017266342027307802,
    "84": 0.015022234648609164,
    "131": 0.015010993673579253,
    "29": 0.014711370593691075,
    "125": 0.014372301910516116,
    "61": 0.014310169975805333,
    "144": 0.014156679571306001,
    "158": 0.013870545661453716,
    "100": 0.013377169048322703,
    "138": 0.01173843927032583,
    "87": 0.010632736090110926,
    "116": 0.010624356454179537,
    "52": 0.010315740594267429,
    "76": 0.009999562623880654,
    "101": 0.008987874871188645,
    "50": 0.00884255972125652,
    "18": 0.008526994894962286,
    "62": 0.008353883879501653,
    "134": 0.008235751451005495,
    "57": 0.007369991992338151,
    "74": 0.007341378601352923,
    "19": 0.006962864314891185,
    "17": 0.005957716765852943,
    "64": 0.005603728243092829,
    "51": 0.00558431201349571,
    "28": 0.005422237591700809,
    "80": 0.005407522133479834,
    "63": 0.005406091463930573,
    "88": 0.005193943607911521,
    "73": 0.005154498004624741,
    "136": 0.004873269247512781,
    "39": 0.004468594146435977,
    "14": 0.004346987234748756,
    "174": 0.004238256349004888,