{
  "test_week": "WEEK-2022-46",
  "test_week_num": 46,
  "train_week": 33,
  "loss": 0.7513244097263009,
  "total_samples": 275456,
  "accuracy": 81.9441217472119,
  "reweighted_accuracy": 82.68992162207155,
  "top3_accuracy": 91.87311222118959,
  "top5_accuracy": 94.64778403810409,
  "top10_accuracy": 97.00278810408922,
  "reweighted_top3_accuracy": 92.72367816062669,
  "reweighted_top5_accuracy": 95.43044518159128,
  "reweighted_top10_accuracy": 97.4560772006955,
  "macro_f1": 68.53844703777662,
  "reweighted_macro_f1": 70.18829334355036,
  "js_divergence": 0.18318956679544454,
  "weight_mean": 0.9991295397699566,
  "weight_std": 0.8068565644120612,
  "weight_max": 18.375691044049496,
  "weight_min": 0.021111777394358343,
  "n_classes_in_test": 179,
  "n_classes_in_train": 180,
  "importance_weights": {
    "0": 0.761521275373805,
    "1": 0.9533518209491153,
    "2": 1.1132567621940572,
    "3": 1.053212652348855,
    "4": 0.6566823178555662,
    "5": 1.451283897452176,
    "6": 1.1137417242460461,
    "7": 0.7881730227227114,
    "8": 1.3986167272350096,
    "9": 1.2841621914512489,
    "10": 0.8360173915141857,
    "11": 0.8181127104270092,
    "12": 1.413728963355545,
    "13": 0.6322571755485924,
    "14": 0.7243821631790401,
    "15": 0.8279432211169766,
    "16": 0.41697490827414635,
    "17": 0.918862726458448,
    "18": 0.4084890270933446,
    "19": 0.3684138979490331,
    "20": 1.1574698475963157,
    "21": 0.46357944528445183,
    "22": 1.3989540039431414,
    "23": 0.599538636915072,
    "24": 2.0704411730630996,
    "25": 1.195282055097819,
    "26": 0.8024144325065208,
    "27": 0.19202095670519587,
    "28": 1.0942035736699913,
    "29": 0.7285752064465604,
    "30": 18.375691044049496,
    "31": 4.70977826923966,
    "32": 2.17496225837198,
    "33": 0.9800034938615723,
    "34": 0.2138324436382091,
    "35": 0.9553973837785892,
    "36": 0.0993226166845693,
    "37": 0.776089533872607,
    "38": 10.7685703064853,
    "39": 2.3401161011419553,
    "40": 1.3266932111544358,
    "41": 0.8928874385987288,
    "42": 0.2871201725632734,
    "43": 1.2503507196951311,
    "44": 0.13793027897647447,
    "45": 1.5745756657897112,
    "46": 1.4190130377207997,
    "47": 0.5754999473066923,
    "48": 0.3780013476323207,
    "49": 1.4048492389718679,
    "50": 0.4193760555403643,
    "51": 8.498520718173891,
    "52": 1.2696749960386635,
    "53": 0.6746717629048105,
    "54": 0.6755768766194667,
    "55": 0.6454976204461715,
    "56": 1.2724332384848027,
    "57": 0.9338125640485271,
    "58": 0.8901868242673802,
    "59": 0.0,
    "60": 0.7810660877582739,
    "61": 0.5431003280318868,
    "62": 0.747119298023379,
    "63": 0.4839585083810399,
    "64": 0.8348191275983659,
    "65": 3.325819247869142,
    "66": 0.8354272286174464,
    "67": 1.3218892537272513,
    "68": 0.8117348088517237,
    "69": 1.2321764727130189,
    "70": 0.26463026525567224,
    "71": 0.8089280726956596,
    "72": 1.5412201401996857,
    "73": 1.153401626614064,
    "74": 1.15160978588512,
    "75": 1.2451325645723752,
    "76": 1.9411131234134387,
    "77": 0.9705828442527868,
    "78": 1.806293970394654,
    "79": 2.2381729456348696,
    "80": 0.9710133095174844,
    "81": 1.2824552235680113,
    "82": 1.1614660246906285,
    "83": 1.082559454805993,
    "84": 0.9313447371972284,
    "85": 1.6941155279912485,
    "86": 0.4764183754195084,
    "87": 0.4792752335849444,
    "88": 1.6295021987025922,
    "89": 2.4477423065922714,
    "90": 1.4653137347047234,
    "91": 0.9789527493335097,
    "92": 1.5394004350052954,
    "93": 0.743788649777449,
    "94": 1.2308931968950327,
    "95": 0.40024411310137686,
    "96": 14.65039014431732,
    "97": 0.950634988004955,
    "98": 1.1219038558355054,
    "99": 1.1684050343444565,
    "100": 0.8883369038994162,
    "101": 0.6696683961369054,
    "102": 1.0454670549484721,
    "103": 1.010171465338722,
    "104": 1.2203854443152289,
    "105": 0.6930213499594062,
    "106": 0.6305578648355271,
    "107": 1.1498318440063324,
    "108": 0.7550678310479113,
    "109": 1.4255209691002277,
    "110": 1.3407747788774613,
    "111": 0.7553228069008369,
    "112": 0.781069994814329,
    "113": 1.4586512059337293,
    "114": 0.5825738288882915,
    "115": 2.623213894644607,
    "116": 1.1170010425352972,
    "117": 1.061753741353735,
    "118": 0.8116724196194121,
    "119": 0.2665279243665391,
    "120": 2.395348965315451,
    "121": 1.2925196605586136,
    "122": 0.7318749496710891,
    "123": 1.0383397019690301,
    "124": 0.6758726633430306,
    "125": 1.0213975219461113,
    "126": 1.9088026328254761,
    "127": 0.2681895339640437,
    "128": 0.021111777394358343,
    "129": 0.2681249815618251,
    "130": 0.5722686904697462,
    "131": 0.9733682376058019,
    "132": 1.081637478723882,
    "133": 1.4942875947395948,
    "134": 0.9034596382668935,
    "135": 1.2332412826171608,
    "136": 1.2969770568530246,
    "137": 0.9734502790090025,
    "138": 1.4480177015883884,
    "139": 0.3738680083459124,
    "140": 2.1523705992586697,
    "141": 1.0512012668586306,
    "142": 0.24404554243382504,
    "143": 1.0752466679528843,
    "144": 1.0820039755809283,
    "145": 0.5718729993768866,
    "146": 1.00068661665931,
    "147": 1.3009801567535968,
    "148": 1.3442464698698033,
    "149": 0.09651098237420955,
    "150": 1.391197345048584,
    "151": 1.317218709205277,
    "152": 1.1628366988812575,
    "153": 1.2639516315759953,
    "154": 0.6830380670238987,
    "155": 0.49152046564937063,
    "156": 0.5214332442903526,
    "157": 0.6098152505155332,
    "158": 1.1720015416323297,
    "159": 1.7126632897445753,
    "160": 0.7538670944305605,
    "161": 0.8761387618658711,
    "162": 1.0314330686062325,
    "163": 1.6951515378411255,
    "164": 1.9679848145001861,
    "165": 0.7592859964752497,
    "166": 0.9228501495737478,
    "167": 1.3289239066367744,
    "168": 1.34777189019343,
    "169": 0.8782499396053068,
    "170": 0.9286009054231346,
    "171": 1.4339203233222888,
    "172": 1.2817591495982632,
    "173": 1.0368228453673762,
    "174": 1.0395842750413984,
    "175": 3.2283291966701237,
    "176": 0.5375684058748651,
    "177": 1.3674756745072452,
    "178": 0.5855877540028387,
    "179": 1.0301900264158919
  },
  "p_train": {
    "72": 0.04433604056888327,
    "99": 0.035817016547124006,
    "118": 0.03368020938461998,
    "102": 0.032488666031449384,
    "96": 0.029730948284565895,
    "123": 0.02961342900016228,
    "135": 0.029347324463999652,
    "97": 0.02757799499429163,
    "25": 0.02635681634331491,
    "151": 0.02447405521648687,
    "78": 0.023987218807009627,
    "103": 0.02391793352455254,
    "98": 0.023903831210424102,
    "155": 0.022328050892594733,
    "177": 0.022260400661051085,
    "83": 0.021497445028566382,
    "140": 0.01888606433843592,
    "94": 0.018151313334208087,
    "133": 0.018091633975867466,
    "79": 0.017266342027307802,
    "84": 0.015022234648609164,
    "131": 0.015010993673579253,
    "29": 0.014711370593691075,
    "125": 0.014372301910516116,
    "61": 0.014310169975805333,
    "144": 0.014156679571306001,
    "158": 0.013870545661453716,
    "100": 0.013377169048322703,
    "138": 0.01173843927032583,
    "87": 0.010632736090110926,
    "116": 0.010624356454179537,
    "52": 0.010315740594267429,
    "76": 0.009999562623880654,
    "101": 0.008987874871188645,
    "50": 0.00884255972125652,
    "18": 0.008526994894962286,
    "62": 0.008353883879501653,
    "134": 0.008235751451005495,
    "57": 0.007369991992338151,
    "74": 0.007341378601352923,
    "19": 0.006962864314891185,
    "17": 0.005957716765852943,
    "64": 0.005603728243092829,
    "51": 0.00558431201349571,
    "28": 0.005422237591700809,
    "80": 0.005407522133479834,
    "63": 0.005406091463930573,
    "88": 0.005193943607911521,
    "73": 0.005154498004624741,
    "136": 0.004873269247512781,
    "39": 0.004468594146435977,
    "14": 0.004346987234748756,
    "174": 0.004238256349004888,