{
  "test_week": "WEEK-2022-52",
  "test_week_num": 52,
  "train_week": 33,
  "loss": 1.043884348511906,
  "total_samples": 36288,
  "accuracy": 77.56834215167548,
  "reweighted_accuracy": 78.27582361377375,
  "top3_accuracy": 87.05357142857143,
  "top5_accuracy": 89.79552469135803,
  "top10_accuracy": 93.81062610229277,
  "reweighted_top3_accuracy": 89.28180225369952,
  "reweighted_top5_accuracy": 92.14202751238064,
  "reweighted_top10_accuracy": 95.67588381506835,
  "macro_f1": 61.59400567713903,
  "reweighted_macro_f1": 63.96297157161517,
  "js_divergence": 0.23411925052123514,
  "weight_mean": 0.9990941817939535,
  "weight_std": 1.1339721701521208,
  "weight_max": 116.54431008413565,
  "weight_min": 0.006576976874310343,
  "n_classes_in_test": 176,
  "n_classes_in_train": 180,
  "importance_weights": {
    "0": 3.143398461498843,
    "1": 1.627243047705756,
    "2": 0.9656714785351467,
    "3": 1.942472591622958,
    "4": 0.5491501902852703,
    "5": 3.3458095893283497,
    "6": 0.652660003016669,
    "7": 0.0,
    "8": 0.753503500769075,
    "9": 0.9463106506807739,
    "10": 1.4363464460328965,
    "11": 0.9626397926725715,
    "12": 8.908561821479418,
    "13": 0.9219589776156315,
    "14": 1.1430686432939339,
    "15": 0.2830665543386689,
    "16": 0.32851135178579666,
    "17": 0.6531529486382827,
    "18": 0.39467804942396867,
    "19": 0.4297081977189989,
    "20": 0.5293326907583245,
    "21": 0.3635854350843388,
    "22": 1.2209562840524901,
    "23": 0.30545679290634653,
    "24": 1.2473205982065247,
    "25": 0.9450950113302485,
    "26": 0.6367673081380163,
    "27": 1.250257436908309,
    "28": 1.5740972618211118,
    "29": 0.6463029250652079,
    "30": 1.9111383820392411,
    "31": 9.430937043590866,
    "32": 1.146100000461815,
    "33": 0.4979711061977832,
    "34": 0.111685134206061,
    "35": 0.9901148909400603,
    "36": 0.6897429577335252,
    "37": 0.5664671893504627,
    "38": 3.6479032311467394,
    "39": 1.2869551141735616,
    "40": 1.0136996501399809,
    "41": 0.9802261030155653,
    "42": 0.3512285568182236,
    "43": 1.2462671498427216,
    "44": 0.12113765207506356,
    "45": 0.7169908679385195,
    "46": 0.4926361466620472,
    "47": 0.8420078172527378,
    "48": 0.006576976874310343,
    "49": 0.3307154639791975,
    "50": 0.7259701519569154,
    "51": 3.216563719773529,
    "52": 0.7076325041300122,
    "53": 1.2018101933019394,
    "54": 1.0457393230153444,
    "55": 0.6517396961112871,
    "56": 0.6393668782657085,
    "57": 0.3909974699093082,
    "58": 0.42537520237935583,
    "59": 0.0,
    "60": 0.7423212899570677,
    "61": 3.3287656928334868,
    "62": 2.4059185572964763,
    "63": 1.453157385504538,
    "64": 2.0540211160136628,
    "65": 116.54431008413565,
    "66": 1.0961721414302692,
    "67": 3.112805023857437,
    "68": 1.8045492839090145,
    "69": 0.8537637189811582,
    "70": 0.04223011562392771,
    "71": 3.3035615087759314,
    "72": 3.024184661961722,
    "73": 3.224938337790045,
    "74": 2.4667032100545825,
    "75": 3.9656948044261506,
    "76": 3.2987648045034654,
    "77": 2.02388171714682,
    "78": 3.153797811843353,
    "79": 4.2623198604554124,
    "80": 2.8032594739959458,
    "81": 3.1959326473477225,
    "82": 3.3832015686678467,
    "83": 1.995138836819992,
    "84": 1.026604239037155,
    "85": 13.762720593915894,
    "86": 1.809648190182582,
    "87": 2.426671240490222,
    "88": 0.8606293408396953,
    "89": 3.7082954716856196,
    "90": 0.7721495237709834,
    "91": 0.7191927787057438,
    "92": 1.3426587052654828,
    "93": 1.1807212781847012,
    "94": 1.5141950764867655,
    "95": 0.18747493773521742,
    "96": 14.579414207436855,
    "97": 0.6601255160638883,
    "98": 1.4955555637308102,
    "99": 0.6031219937178821,
    "100": 0.5253579117159461,
    "101": 0.7136805324413426,
    "102": 0.7586542554370883,
    "103": 0.5500215283516873,
    "104": 1.0368091420835304,
    "105": 0.36830116389241263,
    "106": 0.4008049355646874,
    "107": 1.3524683341733408,
    "108": 0.593781352466232,
    "109": 2.5745009871062488,
    "110": 2.6347439326326323,
    "111": 0.4524352243923435,
    "112": 1.1009929255434603,
    "113": 1.88601160804396,
    "114": 0.5872042759699391,
    "115": 1.1735210044771782,
    "116": 0.5968059551227044,
    "117": 0.5322220293324895,
    "118": 0.8869284747090636,
    "119": 0.5030445434090454,
    "120": 2.3666871456793577,
    "121": 1.1090810186398126,
    "122": 0.0,
    "123": 0.9637776785272546,
    "124": 1.9554127275696092,
    "125": 0.7515015730962663,
    "126": 1.5564611200468055,
    "127": 1.0069258304117017,
    "128": 0.007739051419169988,
    "129": 0.880049525344285,
    "130": 0.3694619488385785,
    "131": 0.915494014162763,
    "132": 0.8138339726450989,
    "133": 1.4303032978568162,
    "134": 1.219832443486071,
    "135": 0.9017406521165278,
    "136": 0.9258701280300722,
    "137": 0.6827442028996397,
    "138": 0.9508135808963922,
    "139": 0.5392741550349596,
    "140": 1.627880053950505,
    "141": 2.280354495388543,
    "142": 1.513061808603393,
    "143": 1.3184416669331487,
    "144": 5.137175882835522,
    "145": 0.6668751356581306,
    "146": 0.6510707335288037,
    "147": 0.5936497359454979,
    "148": 0.8549864935291468,
    "149": 0.03559963652818195,
    "150": 1.0072466030778475,
    "151": 0.9155819749442017,
    "152": 0.5673692071678997,
    "153": 1.349308062662988,
    "154": 0.3111877949989515,
    "155": 0.5622764127623023,
    "156": 0.827925757415284,
    "157": 1.207628351134093,
    "158": 1.7785666465117755,
    "159": 3.6509854507595687,
    "160": 1.662819734344219,
    "161": 1.015702129694691,
    "162": 9.737983908646436,
    "163": 3.7963674891381523,
    "164": 5.962939118470476,
    "165": 0.6358843806447578,
    "166": 0.6882344985586022,
    "167": 0.6572791079024528,
    "168": 0.9852432086537283,
    "169": 0.0,
    "170": 0.4062467434917198,
    "171": 1.0771414846691931,
    "172": 0.7984489907035093,
    "173": 2.444222120547872,
    "174": 0.9922441702754153,
    "175": 2.142824275638644,
    "176": 0.5665451415075251,
    "177": 3.1431339268024194,
    "178": 0.7466967787514892,
    "179": 1.4168655338216414
  },
  "p_train": {
    "72": 0.04433604056888327,
    "99": 0.035817016547124006,
    "118": 0.03368020938461998,
    "102": 0.032488666031449384,
    "96": 0.029730948284565895,
    "123": 0.02961342900016228,
    "135": 0.029347324463999652,
    "97": 0.02757799499429163,
    "25": 0.02635681634331491,
    "151": 0.02447405521648687,
    "78": 0.023987218807009627,
    "103": 0.02391793352455254,
    "98": 0.023903831210424102,
    "155": 0.022328050892594733,
    "177": 0.022260400661051085,
    "83": 0.021497445028566382,
    "140": 0.01888606433843592,
    "94": 0.018151313334208087,
    "133": 0.018091633975867466,
    "79": 0.017266342027307802,
    "84": 0.015022234648609164,
    "131": 0.015010993673579253,
    "29": 0.014711370593691075,
    "125": 0.014372301910516116,
    "61": 0.014310169975805333,
    "144": 0.014156679571306001,
    "158": 0.013870545661453716,
    "100": 0.013377169048322703,
    "138": 0.01173843927032583,
    "87": 0.010632736090110926,
    "116": 0.010624356454179537,
    "52": 0.010315740594267429,
    "76": 0.009999562623880654,
    "101": 0.008987874871188645,
    "50": 0.00884255972125652,
    "18": 0.008526994894962286,
    "62": 0.008353883879501653,
    "134": 0.008235751451005495,
    "57": 0.007369991992338151,
    "74": 0.007341378601352923,
    "19": 0.006962864314891185,
    "17": 0.005957716765852943,
    "64": 0.005603728243092829,
    "51": 0.00558431201349571,
    "28": 0.005422237591700809,
    "80": 0.005407522133479834,
    "63": 0.005406091463930573,
    "88": 0.005193943607911521,
    "73": 0.005154498004624741,
    "136": 0.004873269247512781,
    "39": 0.004468594146435977,
    "14": 0.004346987234748756,
    "174": 0.004238256349004888,
    "167": 0.004129729844625199,
    "142": 0.004002809017469293,