{
  "test_week": "WEEK-2022-36",
  "test_week_num": 36,
  "train_week": 33,
  "loss": 0.5209503402858766,
  "total_samples": 277632,
  "accuracy": 86.33803019824803,
  "reweighted_accuracy": 87.68335230842803,
  "top3_accuracy": 94.98076590594744,
  "top5_accuracy": 97.10696173351775,
  "top10_accuracy": 98.56752823881973,
  "reweighted_top3_accuracy": 95.73727328602267,
  "reweighted_top5_accuracy": 97.56680684397678,
  "reweighted_top10_accuracy": 98.79933998081897,
  "macro_f1": 76.7778486942282,
  "reweighted_macro_f1": 77.51881064607021,
  "js_divergence": 0.10777277806841999,
  "weight_mean": 0.9999885546436059,
  "weight_std": 0.30899937323104193,
  "weight_max": 19.53654841569698,
  "weight_min": 0.0023933697110753616,
  "n_classes_in_test": 179,
  "n_classes_in_train": 180,
  "importance_weights": {
    "0": 0.8152370505474534,
    "1": 1.9479123665766127,
    "2": 1.4881102932986507,
    "3": 1.0091112757970726,
    "4": 0.5338839787338865,
    "5": 1.128290854558583,
    "6": 1.6270521708876402,
    "7": 0.0,
    "8": 2.1222433327957884,
    "9": 0.9495118056271309,
    "10": 2.4881185516185305,
    "11": 1.251189846356554,
    "12": 1.0172771376339917,
    "13": 0.8817147365292348,
    "14": 1.333550011003057,
    "15": 1.624262847514743,
    "16": 0.6711099517658482,
    "17": 1.1368060626373089,
    "18": 1.0026965890208257,
    "19": 0.9882995631246777,
    "20": 0.9386988850092434,
    "21": 0.8483250847189019,
    "22": 1.186194868054019,
    "23": 0.8451569033213041,
    "24": 0.930258853976312,
    "25": 1.2833208760131891,
    "26": 1.112035661313492,
    "27": 0.756978980300086,
    "28": 1.103655914266187,
    "29": 1.0882886332714203,
    "30": 4.90257851616677,
    "31": 0.8918931180981413,
    "32": 1.7537149213415706,
    "33": 1.4816177357242684,
    "34": 0.8646522956202416,
    "35": 0.6625508502472707,
    "36": 0.5863423379674764,
    "37": 2.586373746768088,
    "38": 19.53654841569698,
    "39": 1.3558740219271184,
    "40": 1.0831853138411607,
    "41": 1.037395870242355,
    "42": 0.6717943031205705,
    "43": 0.865327805226195,
    "44": 0.69509938452596,
    "45": 1.2940269860751203,
    "46": 1.2662841413353454,
    "47": 0.7702424856925493,
    "48": 1.3334559621518414,
    "49": 1.0051022928621824,
    "50": 0.745740443660963,
    "51": 1.6371528119649852,
    "52": 1.3065600787717404,
    "53": 1.1369916199816776,
    "54": 0.8743973522307157,
    "55": 0.9745030702853685,
    "56": 1.4052975222223487,
    "57": 1.3677443962679317,
    "58": 1.366375453177841,
    "59": 0.6769400968835679,
    "60": 1.2488616466293423,
    "61": 0.8503769500690895,
    "62": 1.07524593844868,
    "63": 0.772865079976299,
    "64": 1.1481729000637257,
    "65": 2.390499913211344,
    "66": 1.1912765425897134,
    "67": 1.1273575816656594,
    "68": 0.8731215306798619,
    "69": 1.1247100731916193,
    "70": 2.3818782896428243,
    "71": 0.6079865014242073,
    "72": 0.7973250171796994,
    "73": 0.7368968022759917,
    "74": 0.6958694516390627,
    "75": 0.8265899274386416,
    "76": 0.9325490663060912,
    "77": 0.6553210987940126,
    "78": 0.9055778531177178,
    "79": 0.8592380479880838,
    "80": 0.751778259870943,
    "81": 1.119912421680554,
    "82": 0.6435292644427396,
    "83": 0.7964209578557435,
    "84": 1.3045520957030525,
    "85": 0.8654444000348936,
    "86": 0.8564069000176774,
    "87": 0.6496451994211436,
    "88": 1.6498912491438116,
    "89": 1.418570172501959,
    "90": 1.0528318824826421,
    "91": 1.2398489961637187,
    "92": 1.2812891880662856,
    "93": 1.4114773216394492,
    "94": 1.3335235309877902,
    "95": 0.7376564897010186,
    "96": 1.1299469725038465,
    "97": 1.050134948053103,
    "98": 1.0189572342411277,
    "99": 1.1822553724897316,
    "100": 1.1250924559902844,
    "101": 0.5958265702573653,
    "102": 1.2340803567715632,
    "103": 1.1542471267666559,
    "104": 0.8754239352827405,
    "105": 0.7084744747238355,
    "106": 1.0307481869664095,
    "107": 1.1714101295086257,
    "108": 1.1533784013938206,
    "109": 0.7989186352037582,
    "110": 1.240485055461713,
    "111": 1.8934638179426146,
    "112": 0.5523586678240414,
    "113": 2.8858971272291702,
    "114": 1.7642090054001531,
    "115": 0.9706342756894035,
    "116": 1.204435006568711,
    "117": 1.1728902658150255,
    "118": 0.9586532593675224,
    "119": 1.0588988356432611,
    "120": 1.327217224220419,
    "121": 1.715617216273954,
    "122": 0.24588549656700623,
    "123": 1.0441497993615767,
    "124": 0.693973133452341,
    "125": 1.34395787269128,
    "126": 1.168652192195861,
    "127": 0.9394855792846307,
    "128": 2.723654731203762,
    "129": 0.5256721496374369,
    "130": 0.6002431862442024,
    "131": 1.178934143022109,
    "132": 1.3703765034213902,
    "133": 1.341206014416031,
    "134": 0.9664024289288071,
    "135": 1.1155197680160394,
    "136": 1.2123436269941474,
    "137": 0.895823637436986,
    "138": 1.1272799624694225,
    "139": 1.7022842070023507,
    "140": 1.2004065509177293,
    "141": 1.2891518493751792,
    "142": 0.17104938789257115,
    "143": 1.6811875223856552,
    "144": 0.9187347505238026,
    "145": 1.4733406358466872,
    "146": 1.254905829720756,
    "147": 1.311257416356204,
    "148": 1.3032843427468506,
    "149": 0.0023933697110753616,
    "150": 1.0644458285262417,
    "151": 1.0256273053379146,
    "152": 1.2082708005372356,
    "153": 1.1833005897423454,
    "154": 0.8402942139467486,
    "155": 0.772940327358212,
    "156": 0.810447767239503,
    "157": 1.097389942385551,
    "158": 1.0602718428085678,
    "159": 0.740391082804637,
    "160": 0.5432313383030583,
    "161": 1.1427834419067253,
    "162": 1.0643329351400412,
    "163": 1.952620119796814,
    "164": 2.1724388927458573,
    "165": 1.1609707252680805,
    "166": 1.133820685320909,
    "167": 1.2781997282307507,
    "168": 0.7612525084119424,
    "169": 1.106484734551528,
    "170": 0.5847249206011094,
    "171": 1.2534834948217959,
    "172": 1.194451935192711,
    "173": 1.0268917414431329,
    "174": 1.1885611986736615,
    "175": 0.8880249279862263,
    "176": 1.1644979028001154,
    "177": 0.8447511695364864,
    "178": 0.8161175677057092,
    "179": 1.2663721764241787
  },
  "p_train": {
    "72": 0.04433604056888327,
    "99": 0.035817016547124006,
    "118": 0.03368020938461998,
    "102": 0.032488666031449384,
    "96": 0.029730948284565895,
    "123": 0.02961342900016228,
    "135": 0.029347324463999652,
    "97": 0.02757799499429163,
    "25": 0.02635681634331491,
    "151": 0.02447405521648687,
    "78": 0.023987218807009627,
    "103": 0.02391793352455254,
    "98": 0.023903831210424102,
    "155": 0.022328050892594733,
    "177": 0.022260400661051085,
    "83": 0.021497445028566382,
    "140": 0.01888606433843592,
    "94": 0.018151313334208087,
    "133": 0.018091633975867466,
    "79": 0.017266342027307802,
    "84": 0.015022234648609164,
    "131": 0.015010993673579253,
    "29": 0.014711370593691075,
    "125": 0.014372301910516116,
    "61": 0.014310169975805333,
    "144": 0.014156679571306001,
    "158": 0.013870545661453716,
    "100": 0.013377169048322703,
    "138": 0.01173843927032583,
    "87": 0.010632736090110926,
    "116": 0.010624356454179537,
    "52": 0.010315740594267429,
    "76": 0.009999562623880654,
    "101": 0.008987874871188645,
    "50": 0.00884255972125652,
    "18": 0.008526994894962286,
    "62": 0.008353883879501653,
    "134": 0.008235751451005495,
    "57": 0.007369991992338151,
    "74": 0.007341378601352923,
    "19": 0.006962864314891185,
    "17": 0.005957716765852943,
    "64": 0.005603728243092829,
    "51": 0.00558431201349571,
    "28": 0.005422237591700809,
    "80": 0.005407522133479834,
    "63": 0.005406091463930573,
    "88": 0.005193943607911521,
    "73": 0.005154498004624741,
    "136": 0.004873269247512781,
    "39": 0.004468594146435977,
    "14": 0.004346987234748756,
    "174": 0.004238256349004888,
    "167": 0.004129729844625199,