{
  "test_week": "WEEK-2022-45",
  "test_week_num": 45,
  "train_week": 33,
  "loss": 0.733315088444993,
  "total_samples": 332096,
  "accuracy": 82.3316149547119,
  "reweighted_accuracy": 83.10014340614246,
  "top3_accuracy": 92.26338167276931,
  "top5_accuracy": 94.90508768548852,
  "top10_accuracy": 97.15594285989594,
  "reweighted_top3_accuracy": 92.85788510712678,
  "reweighted_top5_accuracy": 95.41816034007849,
  "reweighted_top10_accuracy": 97.36280914695041,
  "macro_f1": 69.19417528691407,
  "reweighted_macro_f1": 70.66937836201018,
  "js_divergence": 0.18384264953248275,
  "weight_mean": 0.9991295397699564,
  "weight_std": 0.8456506822747254,
  "weight_max": 35.60488364014187,
  "weight_min": 0.028085889731912686,
  "n_classes_in_test": 179,
  "n_classes_in_train": 180,
  "importance_weights": {
    "0": 0.713240396025952,
    "1": 0.9240539759361028,
    "2": 1.0277859979761585,
    "3": 0.9926175978052338,
    "4": 1.0051288668043272,
    "5": 1.4409300515841732,
    "6": 1.0434641201201778,
    "7": 0.6334928461753638,
    "8": 1.4000603259466564,
    "9": 1.0741492071985093,
    "10": 1.2669856923507279,
    "11": 0.8809766991495542,
    "12": 1.1591696705448156,
    "13": 0.7718820562625687,
    "14": 0.6692707801164223,
    "15": 0.8635110819890375,
    "16": 0.48986547450141954,
    "17": 0.8766211373826757,
    "18": 0.3964413967013013,
    "19": 0.3767866037995931,
    "20": 1.0868579187816338,
    "21": 0.42646463266052803,
    "22": 1.4654158285941818,
    "23": 0.5491045692334766,
    "24": 3.9074674127278213,
    "25": 1.209143981261156,
    "26": 0.8296762239618748,
    "27": 0.20757798849094178,
    "28": 1.0150526579782817,
    "29": 0.7073385447636357,
    "30": 35.60488364014187,
    "31": 3.657155734851359,
    "32": 1.9958322188136208,
    "33": 0.5229654058005053,
    "34": 0.36969795278319106,
    "35": 1.1567502350755314,
    "36": 1.7674450408292655,
    "37": 1.0836869148254105,
    "38": 25.965665111687834,
    "39": 2.800004229537363,
    "40": 1.2956774074508488,
    "41": 0.9898715803291893,
    "42": 0.2993389145651248,
    "43": 1.7075930048540526,
    "44": 0.11468404973864346,
    "45": 1.7346937727474403,
    "46": 1.5770284874365539,
    "47": 0.5498179802770657,
    "48": 0.1595044487691541,
    "49": 2.4087132836287193,
    "50": 0.3967813421416572,
    "51": 11.23956171172043,
    "52": 1.533489788896077,
    "53": 0.7026868564570182,
    "54": 0.9589445817784816,
    "55": 0.6153146817264312,
    "56": 1.1391318170132076,
    "57": 1.0701988896753523,
    "58": 1.16048384626027,
    "59": 0.0,
    "60": 0.8712253714644556,
    "61": 0.5161110130631026,
    "62": 0.7609137193765718,
    "63": 0.44738134831933407,
    "64": 0.8038772071784692,
    "65": 2.595074709280414,
    "66": 0.8359843095064177,
    "67": 1.386809643478218,
    "68": 0.6429060610429331,
    "69": 2.1327830018029967,
    "70": 0.5213318787294218,
    "71": 0.7297650348675312,
    "72": 1.4175239942970883,
    "73": 1.0820405621642593,
    "74": 1.0928025405624835,
    "75": 1.0730031003231164,
    "76": 1.7739395027458704,
    "77": 0.9104870847443167,
    "78": 1.698158050934272,
    "79": 2.1852450921878095,
    "80": 0.9001586317995582,
    "81": 1.2999172649098438,
    "82": 0.9675613392756535,
    "83": 0.9643678919636338,
    "84": 1.1042107210855487,
    "85": 11.113407588208771,
    "86": 0.4800380573502757,
    "87": 0.45480282387705795,
    "88": 2.315285766997295,
    "89": 1.9392638148225425,
    "90": 1.0257767226952463,
    "91": 1.0877071077166607,
    "92": 1.3446782112212912,
    "93": 1.2420204570334719,
    "94": 1.1682128978754203,
    "95": 0.30577006189157413,
    "96": 13.789844974177646,
    "97": 0.9326417337702926,
    "98": 1.1343764975217208,
    "99": 1.2446047846849109,
    "100": 0.9642944068312951,
    "101": 0.7610497942943051,
    "102": 1.0998324194067497,
    "103": 0.9869594994743787,
    "104": 1.0914049286471936,
    "105": 0.7471294722345286,
    "106": 0.9247151352297196,
    "107": 1.3716325976791681,
    "108": 0.7044196245878549,
    "109": 1.3712749908367399,
    "110": 1.0152556403178858,
    "111": 1.0327146629152608,
    "112": 0.4590400895610125,
    "113": 1.71332532110296,
    "114": 0.7359166497283983,
    "115": 2.698978029189541,
    "116": 1.0454240832613948,
    "117": 1.0409207049050837,
    "118": 0.7812980452497036,
    "119": 0.37463602757553793,
    "120": 1.634653036362209,
    "121": 1.1110891540220695,
    "122": 0.37815644389039577,
    "123": 1.0178535828232138,
    "124": 0.7879388158701075,
    "125": 0.986561383893088,
    "126": 1.66565558546512,
    "127": 0.747166900329804,
    "128": 0.03016632600835066,
    "129": 0.4101133264726827,
    "130": 0.695983381366385,
    "131": 0.8316801726761722,
    "132": 1.2814592586976903,
    "133": 1.441496947420749,
    "134": 0.8525748484641898,
    "135": 1.2511077105515311,
    "136": 1.2803743860933579,
    "137": 0.9581554865632934,
    "138": 1.3364034034686756,
    "139": 0.9214571575810276,
    "140": 2.2407954349900736,
    "141": 0.9874951576929173,
    "142": 0.20947318995674163,
    "143": 1.1705772661337415,
    "144": 1.0321353806613474,
    "145": 0.9270417464148522,
    "146": 1.532603755806146,
    "147": 1.8197543287585998,
    "148": 1.2972077639456832,
    "149": 0.028085889731912686,
    "150": 1.368561079035901,
    "151": 1.2723443708789017,
    "152": 1.5664159702017724,
    "153": 1.3021980219822933,
    "154": 0.3950829662047428,
    "155": 0.496854488691178,
    "156": 0.5961128335128423,
    "157": 0.5487557491591145,
    "158": 1.082828568873092,
    "159": 1.4584879940644537,
    "160": 0.6200998944439582,
    "161": 0.8508353574735151,
    "162": 0.9156048144880472,
    "163": 1.7480816745876784,
    "164": 2.4804947158684705,
    "165": 0.806650544228248,
    "166": 1.0181135027818347,
    "167": 2.0717020581278707,
    "168": 1.3176158512601586,
    "169": 0.27864159023502844,
    "170": 0.9682949497673478,
    "171": 1.2354920479980096,
    "172": 1.1731656509119124,
    "173": 1.116477650306875,
    "174": 0.9247752828377971,
    "175": 3.6161081006605875,
    "176": 0.5332975490761991,
    "177": 1.2645552545214542,
    "178": 0.6159471259460171,
    "179": 0.8463899198060997
  },
  "p_train": {
    "72": 0.04433604056888327,
    "99": 0.035817016547124006,
    "118": 0.03368020938461998,
    "102": 0.032488666031449384,
    "96": 0.029730948284565895,
    "123": 0.02961342900016228,
    "135": 0.029347324463999652,
    "97": 0.02757799499429163,
    "25": 0.02635681634331491,
    "151": 0.02447405521648687,
    "78": 0.023987218807009627,
    "103": 0.02391793352455254,
    "98": 0.023903831210424102,
    "155": 0.022328050892594733,
    "177": 0.022260400661051085,
    "83": 0.021497445028566382,
    "140": 0.01888606433843592,
    "94": 0.018151313334208087,
    "133": 0.018091633975867466,
    "79": 0.017266342027307802,
    "84": 0.015022234648609164,
    "131": 0.015010993673579253,
    "29": 0.014711370593691075,
    "125": 0.014372301910516116,
    "61": 0.014310169975805333,
    "144": 0.014156679571306001,
    "158": 0.013870545661453716,
    "100": 0.013377169048322703,
    "138": 0.01173843927032583,
    "87": 0.010632736090110926,
    "116": 0.010624356454179537,
    "52": 0.010315740594267429,
    "76": 0.009999562623880654,
    "101": 0.008987874871188645,
    "50": 0.00884255972125652,
    "18": 0.008526994894962286,
    "62": 0.008353883879501653,
    "134": 0.008235751451005495,
    "57": 0.007369991992338151,
    "74": 0.007341378601352923,
    "19": 0.006962864314891185,
    "17": 0.005957716765852943,
    "64": 0.005603728243092829,
    "51": 0.00558431201349571,
    "28": 0.005422237591700809,
    "80": 0.005407522133479834,
    "63": 0.005406091463930573,
    "88": 0.005193943607911521,
    "73": 0.005154498004624741,
    "136": 0.004873269247512781,
    "39": 0.004468594146435977,
    "14": 0.004346987234748756,
    "174": 0.004238256349004888,