{
  "test_week": "WEEK-2022-51",
  "test_week_num": 51,
  "train_week": 33,
  "loss": 1.009953106269451,
  "total_samples": 181248,
  "accuracy": 77.65327065677965,
  "reweighted_accuracy": 79.33924325937002,
  "top3_accuracy": 87.44924081920904,
  "top5_accuracy": 90.54996468926554,
  "top10_accuracy": 94.18365995762711,
  "reweighted_top3_accuracy": 89.79461610027212,
  "reweighted_top5_accuracy": 92.84692471149812,
  "reweighted_top10_accuracy": 95.74836972747485,
  "macro_f1": 64.30934752138188,
  "reweighted_macro_f1": 66.83248512374938,
  "js_divergence": 0.1923711485919677,
  "weight_mean": 0.9991101235403593,
  "weight_std": 0.7537885867537452,
  "weight_max": 11.663798516625539,
  "weight_min": 0.0010114324503736134,
  "n_classes_in_test": 177,
  "n_classes_in_train": 180,
  "importance_weights": {
    "0": 0.8191492471097053,
    "1": 1.0722844715101332,
    "2": 1.1064640045360696,
    "3": 0.9444507838841033,
    "4": 0.5485690789727992,
    "5": 1.8440105103891768,
    "6": 0.9003386365625765,
    "7": 0.0,
    "8": 1.4408946157715026,
    "9": 1.1909408047229435,
    "10": 1.179309454277064,
    "11": 1.0220127911573225,
    "12": 7.415945643277398,
    "13": 1.335425871492356,
    "14": 1.085237937085045,
    "15": 0.49075266720974,
    "16": 0.8204093018142645,
    "17": 0.6808475714863267,
    "18": 0.36885459921769076,
    "19": 0.3953650474139716,
    "20": 0.8225350783141699,
    "21": 0.41207465988031666,
    "22": 1.876406564339521,
    "23": 0.3564392007348787,
    "24": 0.7690295472845575,
    "25": 0.8541248433029037,
    "26": 0.7633121763584602,
    "27": 0.43021749096516815,
    "28": 1.2746688962653543,
    "29": 0.6143793772731152,
    "30": 3.2386789512713365,
    "31": 4.026050092321158,
    "32": 1.611068809064088,
    "33": 2.1763181678273487,
    "34": 0.2301745304539563,
    "35": 1.8545009068401128,
    "36": 0.7779179833936054,
    "37": 1.434048415570991,
    "38": 1.3285573496151704,
    "39": 1.4209188629004001,
    "40": 1.1103365702823518,
    "41": 1.2303943372348625,
    "42": 0.4520242094565823,
    "43": 2.0239957815084573,
    "44": 0.15126183010431216,
    "45": 0.7522072781368478,
    "46": 0.7746252088607224,
    "47": 0.6417769831619362,
    "48": 0.006964218137047514,
    "49": 0.7362797007830212,
    "50": 0.4733302611808333,
    "51": 4.131205648253348,
    "52": 0.985612731275584,
    "53": 1.2783511129223841,
    "54": 1.0836439009928704,
    "55": 0.7287079522312181,
    "56": 0.8990794216862651,
    "57": 0.6071801402851388,
    "58": 0.7082084498167758,
    "59": 0.0,
    "60": 0.8068523865509175,
    "61": 3.026475715023063,
    "62": 2.391982220208398,
    "63": 1.6981685713249366,
    "64": 2.2772747457490787,
    "65": 5.821049138593864,
    "66": 1.0994098101508403,
    "67": 1.418788311918122,
    "68": 1.0227743023813936,
    "69": 0.85780916433529,
    "70": 0.2632437120407682,
    "71": 1.2692560294198123,
    "72": 1.7825684740525631,
    "73": 1.4439605167576894,
    "74": 1.4095446914597614,
    "75": 1.5236531930721555,
    "76": 2.0432928144905533,
    "77": 1.2242370504848121,
    "78": 2.2387412123238315,
    "79": 2.6188200500129577,
    "80": 1.4917847361475691,
    "81": 1.7102950221634068,
    "82": 1.262099300858505,
    "83": 1.1988827435500307,
    "84": 1.0163307150396095,
    "85": 4.043575549535202,
    "86": 3.389499784786423,
    "87": 2.361718322132874,
    "88": 1.2069126808291633,
    "89": 2.179041970290211,
    "90": 1.2178933173597466,
    "91": 0.9113439514448014,
    "92": 0.9998945801974362,
    "93": 1.8429247463729461,
    "94": 1.3611457340498747,
    "95": 0.09631365508682734,
    "96": 11.663798516625539,
    "97": 0.7300213869907068,
    "98": 1.6293800674038916,
    "99": 0.7895600358955402,
    "100": 0.7823766168668581,
    "101": 0.6787643102721665,
    "102": 0.8488547990295715,
    "103": 0.7457556537860139,
    "104": 0.8810744355565802,
    "105": 0.5325033814896704,
    "106": 0.6729089132062867,
    "107": 1.2553885029101608,
    "108": 0.8448981862827003,
    "109": 1.5144295033089339,
    "110": 2.1340182517419177,
    "111": 1.1514814190041378,
    "112": 0.9732989855438745,
    "113": 2.211670755271426,
    "114": 0.5655395631995578,
    "115": 1.5126183010431216,
    "116": 0.9187229764347008,
    "117": 0.9921802135614842,
    "118": 0.7502114526906233,
    "119": 0.3291012027622941,
    "120": 1.329259357739886,
    "121": 0.836583129663133,
    "122": 0.0,
    "123": 0.9095703744147454,
    "124": 2.0645093984371523,
    "125": 0.753529353970849,
    "126": 1.1711586510657968,
    "127": 0.9861375494435589,
    "128": 0.01288476991128125,
    "129": 0.5283703073177611,
    "130": 0.36544247695001897,
    "131": 0.8642670207588604,
    "132": 0.9768785736163939,
    "133": 1.254907185173374,
    "134": 0.8086205194972068,
    "135": 0.9763479927406404,
    "136": 1.0164215242499384,
    "137": 0.9646123960274341,
    "138": 0.9549230883608688,
    "139": 0.6159594220669191,
    "140": 1.7681102217008438,
    "141": 1.8175064536024863,
    "142": 0.2904327977575158,
    "143": 1.3697283501886643,
    "144": 1.8432973124569467,
    "145": 0.83658488778907,
    "146": 0.7927538984997852,
    "147": 0.9605278386503203,
    "148": 0.7786924164283426,
    "149": 0.0010114324503736134,
    "150": 1.0441498179455295,
    "151": 1.1362381044768988,
    "152": 1.0339701381592614,
    "153": 1.2215164524954352,
    "154": 0.30828941726775305,
    "155": 0.47465570820795333,
    "156": 0.6922441966762479,
    "157": 0.9195950056619333,
    "158": 1.4607836490686594,
    "159": 1.7595763910093456,
    "160": 1.1640004746106878,
    "161": 0.8117018501009848,
    "162": 1.3765583722315415,
    "163": 4.893355056830743,
    "164": 9.927715216642202,
    "165": 0.8035807969593727,
    "166": 0.821110653379601,
    "167": 0.8162543891806195,
    "168": 1.5303119446839943,
    "169": 0.48156827543413666,
    "170": 0.5928730583259451,
    "171": 1.0624386063714988,
    "172": 1.0301159590325444,
    "173": 2.2021080949440743,
    "174": 1.0380749820870783,
    "175": 2.338423325831438,
    "176": 0.639352795676155,
    "177": 1.694520411177735,
    "178": 0.9983093697422508,
    "179": 1.2035426915088627
  },
  "p_train": {
    "72": 0.04433604056888327,
    "99": 0.035817016547124006,
    "118": 0.03368020938461998,
    "102": 0.032488666031449384,
    "96": 0.029730948284565895,
    "123": 0.02961342900016228,
    "135": 0.029347324463999652,
    "97": 0.02757799499429163,
    "25": 0.02635681634331491,
    "151": 0.02447405521648687,
    "78": 0.023987218807009627,
    "103": 0.02391793352455254,
    "98": 0.023903831210424102,
    "155": 0.022328050892594733,
    "177": 0.022260400661051085,
    "83": 0.021497445028566382,
    "140": 0.01888606433843592,
    "94": 0.018151313334208087,
    "133": 0.018091633975867466,
    "79": 0.017266342027307802,
    "84": 0.015022234648609164,
    "131": 0.015010993673579253,
    "29": 0.014711370593691075,
    "125": 0.014372301910516116,
    "61": 0.014310169975805333,
    "144": 0.014156679571306001,
    "158": 0.013870545661453716,
    "100": 0.013377169048322703,
    "138": 0.01173843927032583,
    "87": 0.010632736090110926,
    "116": 0.010624356454179537,
    "52": 0.010315740594267429,
    "76": 0.009999562623880654,
    "101": 0.008987874871188645,
    "50": 0.00884255972125652,
    "18": 0.008526994894962286,
    "62": 0.008353883879501653,
    "134": 0.008235751451005495,
    "57": 0.007369991992338151,
    "74": 0.007341378601352923,
    "19": 0.006962864314891185,
    "17": 0.005957716765852943,
    "64": 0.005603728243092829,
    "51": 0.00558431201349571,
    "28": 0.005422237591700809,
    "80": 0.005407522133479834,
    "63": 0.005406091463930573,
    "88": 0.005193943607911521,
    "73": 0.005154498004624741,
    "136": 0.004873269247512781,
    "39": 0.004468594146435977,
    "14": 0.004346987234748756,
    "174": 0.004238256349004888,
    "167": 0.004129729844625199,