{
  "test_week": "WEEK-2022-40",
  "test_week_num": 40,
  "train_week": 33,
  "loss": 0.5347098796761351,
  "total_samples": 309376,
  "accuracy": 85.95786357054199,
  "reweighted_accuracy": 86.47778142211467,
  "top3_accuracy": 94.7368250930906,
  "top5_accuracy": 96.90764635912288,
  "top10_accuracy": 98.46756050889532,
  "reweighted_top3_accuracy": 95.20673530650713,
  "reweighted_top5_accuracy": 97.34792860483698,
  "reweighted_top10_accuracy": 98.70828399364665,
  "macro_f1": 74.99823850340053,
  "reweighted_macro_f1": 75.95525482700155,
  "js_divergence": 0.1757798907905777,
  "weight_mean": 0.9999999999999998,
  "weight_std": 0.7593506327114048,
  "weight_max": 15.5502329976749,
  "weight_min": 0.016317597141836067,
  "n_classes_in_test": 180,
  "n_classes_in_train": 180,
  "importance_weights": {
    "0": 0.6431825677411812,
    "1": 1.4287304472085711,
    "2": 1.6282342723220085,
    "3": 0.9638498137133074,
    "4": 0.685871740373369,
    "5": 0.7909863304295828,
    "6": 0.9065433603124543,
    "7": 0.505845511396918,
    "8": 1.6945326752356404,
    "9": 1.3038934488848588,
    "10": 1.7920502568390815,
    "11": 1.5432071130276703,
    "12": 0.8196107465462202,
    "13": 0.9191396515049844,
    "14": 1.0219251692535192,
    "15": 0.7981007428831295,
    "16": 0.44497858654425154,
    "17": 1.1548712920755138,
    "18": 0.40944398147196215,
    "19": 0.5033044650195737,
    "20": 0.7130937288202602,
    "21": 0.44878886280500974,
    "22": 0.7819231672649544,
    "23": 0.5513290141758912,
    "24": 0.4171163295829147,
    "25": 1.1522066430732505,
    "26": 1.2528014519898942,
    "27": 0.25826161709811446,
    "28": 0.9217088885549612,
    "29": 0.8964634604675537,
    "30": 5.528168803123461,
    "31": 3.1906406363706394,
    "32": 1.5727551152721813,
    "33": 1.2921053823725623,
    "34": 0.3100968652241643,
    "35": 0.723539740408806,
    "36": 0.563879157396222,
    "37": 1.2673044461061085,
    "38": 15.5502329976749,
    "39": 2.2850839382607884,
    "40": 1.5004115559403377,
    "41": 1.0392111153827877,
    "42": 0.3362723001899966,
    "43": 1.5729958535268684,
    "44": 0.1032767919102041,
    "45": 1.5797015373469765,
    "46": 1.6451634546929716,
    "47": 0.5390074540524896,
    "48": 1.4859211897284466,
    "49": 2.4657564471895395,
    "50": 0.4362423467267512,
    "51": 2.1120441485174193,
    "52": 1.284799743193269,
    "53": 0.6601142230309222,
    "54": 0.621724347166714,
    "55": 0.8055389036650128,
    "56": 1.1975118228988264,
    "57": 1.5627817975473666,
    "58": 1.3036680275339687,
    "59": 0.7760792626222889,
    "60": 0.8794243459614534,
    "61": 0.496994066730439,
    "62": 0.7579153017902356,
    "63": 0.4582232747246534,
    "64": 0.9134136085010996,
    "65": 1.1040078286237736,
    "66": 0.9252966161443625,
    "67": 1.00778912901526,
    "68": 0.40287573156059775,
    "69": 1.4364284778092746,
    "70": 0.6635546134240096,
    "71": 0.7066426095589563,
    "72": 1.3935290955032844,
    "73": 0.997297044827257,
    "74": 1.0882828683144044,
    "75": 1.2281345348819404,
    "76": 1.7370155453822016,
    "77": 1.001519585271966,
    "78": 1.7182379730579787,
    "79": 2.157428041615662,
    "80": 0.8736070848916224,
    "81": 1.6106694208334131,
    "82": 0.9561458319705557,
    "83": 1.577886963975742,
    "84": 0.9964663093156322,
    "85": 1.303723130530853,
    "86": 0.49502528655420314,
    "87": 0.4317513270264021,
    "88": 1.4715032029681636,
    "89": 1.5054925934432084,
    "90": 1.49992798790795,
    "91": 0.9870971825658131,
    "92": 0.9924099158571821,
    "93": 0.7568665922405013,
    "94": 1.0038578323353524,
    "95": 0.871817074566658,
    "96": 14.85951834650381,
    "97": 0.9553207680387378,
    "98": 1.070382354111473,
    "99": 1.2804397170421813,
    "100": 0.970357573621075,
    "101": 0.6009580238056751,
    "102": 1.2438081353973127,
    "103": 0.902394463669752,
    "104": 1.1021125168794175,
    "105": 0.9210603686685549,
    "106": 0.5767243567878012,
    "107": 1.2322744185079502,
    "108": 1.0145357572648819,
    "109": 2.0255038807864847,
    "110": 0.9231247496083311,
    "111": 1.295200711959501,
    "112": 0.453458732891742,
    "113": 1.7025172947309994,
    "114": 0.7092879092054396,
    "115": 4.617664253677395,
    "116": 1.0585896625984699,
    "117": 1.4118633280427677,
    "118": 0.8330547216642301,
    "119": 0.6883167896207292,
    "120": 1.1056090128012384,
    "121": 0.8574887299507192,
    "122": 0.053608627566521204,
    "123": 1.038268836168881,
    "124": 0.6762033893576196,
    "125": 1.245851856505417,
    "126": 1.2082322536741141,
    "127": 2.799332565108216,
    "128": 0.016317597141836067,
    "129": 0.22389685849687396,
    "130": 0.6560300723877311,
    "131": 1.0191005439449758,
    "132": 1.2653877159332327,
    "133": 1.3555624492414564,
    "134": 0.8912010636258398,
    "135": 1.2856638138451368,
    "136": 1.1871437375736331,
    "137": 0.741967294095659,
    "138": 1.2855190752907342,
    "139": 3.082496085074969,
    "140": 2.217417472777211,
    "141": 1.0604361357102663,
    "142": 0.2056756423498721,
    "143": 1.0945776936687992,
    "144": 1.0819508149832917,
    "145": 0.9700366826965781,
    "146": 1.6141650350696164,
    "147": 1.5801949996861868,
    "148": 1.2873028558454471,
    "149": 0.09484603338692214,
    "150": 1.2012368914429992,
    "151": 0.7394946094985685,
    "152": 1.374768294460966,
    "153": 1.079628203127079,
    "154": 0.6773755717775218,
    "155": 0.542168045910634,
    "156": 0.6208902370792032,
    "157": 0.7009533838839247,
    "158": 1.1031398289351941,
    "159": 1.0835258877430027,
    "160": 0.6870074393898385,
    "161": 0.9594950524350128,
    "162": 0.3843606229537925,
    "163": 1.7034846785940618,
    "164": 1.4524992541540076,
    "165": 0.8309989445895538,
    "166": 1.0784673578263733,
    "167": 1.3505700850008093,
    "168": 0.815976985646219,
    "169": 0.6164992170149939,
    "170": 0.9843038702960927,
    "171": 1.3404120577621748,
    "172": 1.1030242401293906,
    "173": 0.9981415894528471,
    "174": 1.046460332186541,
    "175": 2.4999417642195056,
    "176": 0.8413761026259221,
    "177": 1.3162908476516324,
    "178": 0.613452647457717,
    "179": 1.2635555242843517
  },
  "p_train": {
    "72": 0.04433604056888327,
    "99": 0.035817016547124006,
    "118": 0.03368020938461998,
    "102": 0.032488666031449384,
    "96": 0.029730948284565895,
    "123": 0.02961342900016228,
    "135": 0.029347324463999652,
    "97": 0.02757799499429163,
    "25": 0.02635681634331491,
    "151": 0.02447405521648687,
    "78": 0.023987218807009627,
    "103": 0.02391793352455254,
    "98": 0.023903831210424102,
    "155": 0.022328050892594733,
    "177": 0.022260400661051085,
    "83": 0.021497445028566382,
    "140": 0.01888606433843592,
    "94": 0.018151313334208087,
    "133": 0.018091633975867466,
    "79": 0.017266342027307802,
    "84": 0.015022234648609164,
    "131": 0.015010993673579253,
    "29": 0.014711370593691075,
    "125": 0.014372301910516116,
    "61": 0.014310169975805333,
    "144": 0.014156679571306001,
    "158": 0.013870545661453716,
    "100": 0.013377169048322703,
    "138": 0.01173843927032583,
    "87": 0.010632736090110926,
    "116": 0.010624356454179537,
    "52": 0.010315740594267429,
    "76": 0.009999562623880654,
    "101": 0.008987874871188645,
    "50": 0.00884255972125652,
    "18": 0.008526994894962286,
    "62": 0.008353883879501653,
    "134": 0.008235751451005495,
    "57": 0.007369991992338151,
    "74": 0.007341378601352923,
    "19": 0.006962864314891185,
    "17": 0.005957716765852943,
    "64": 0.005603728243092829,
    "51": 0.00558431201349571,
    "28": 0.005422237591700809,
    "80": 0.005407522133479834,
    "63": 0.005406091463930573,
    "88": 0.005193943607911521,
    "73": 0.005154498004624741,
    "136": 0.004873269247512781,
    "39": 0.004468594146435977,
    "14": 0.004346987234748756,
    "174": 0.004238256349004888,