{
  "test_week": "WEEK-2022-48",
  "test_week_num": 48,
  "train_week": 33,
  "loss": 0.7978733601691758,
  "total_samples": 328064,
  "accuracy": 81.04516191962544,
  "reweighted_accuracy": 81.60233977288787,
  "top3_accuracy": 91.53153043308623,
  "top5_accuracy": 94.42547795552088,
  "top10_accuracy": 96.81068328131096,
  "reweighted_top3_accuracy": 92.0763929033387,
  "reweighted_top5_accuracy": 94.95551273478775,
  "reweighted_top10_accuracy": 96.9832264833235,
  "macro_f1": 67.30590420978221,
  "reweighted_macro_f1": 68.73340637552239,
  "js_divergence": 0.1874383042136362,
  "weight_mean": 0.9999999999999998,
  "weight_std": 0.8146083755338055,
  "weight_max": 57.11333298179739,
  "weight_min": 0.0045457740920958915,
  "n_classes_in_test": 180,
  "n_classes_in_train": 180,
  "importance_weights": {
    "0": 0.6507960949005641,
    "1": 1.0336787079516656,
    "2": 1.1467997720020573,
    "3": 0.937725891262582,
    "4": 0.48797622163623816,
    "5": 1.5315446569684656,
    "6": 0.8663900170869547,
    "7": 0.41720104445235623,
    "8": 1.601440324955182,
    "9": 1.2113532538314424,
    "10": 1.0636490792010584,
    "11": 0.8324424100856623,
    "12": 2.8935961662011533,
    "13": 0.8193757801002844,
    "14": 1.0259640432954071,
    "15": 1.131383358705666,
    "16": 0.5277572445719796,
    "17": 0.9604483504043144,
    "18": 0.4099355294872373,
    "19": 0.38848046234701733,
    "20": 1.2983823202350324,
    "21": 0.546776610621035,
    "22": 1.2525541995678267,
    "23": 0.6463089318479963,
    "24": 1.6506692639880702,
    "25": 1.1445033218865999,
    "26": 1.7026965161791714,
    "27": 0.1484872945049201,
    "28": 1.0613609506466193,
    "29": 0.6998652961787513,
    "30": 13.490861171293023,
    "31": 4.040805376718471,
    "32": 2.48461923038604,
    "33": 0.09407038475658139,
    "34": 0.27685230599603367,
    "35": 1.1235812647403751,
    "36": 0.4157110407221693,
    "37": 1.1483865113204794,
    "38": 20.98670253968371,
    "39": 1.4572414215272094,
    "40": 1.7899251841578283,
    "41": 0.984644131698567,
    "42": 0.37887154508632453,
    "43": 1.1309636267936338,
    "44": 0.13141832900249223,
    "45": 1.1879366393082424,
    "46": 1.4339592716992715,
    "47": 0.5855558365537286,
    "48": 0.0954956936165296,
    "49": 1.3725878673770422,
    "50": 0.3561165617965012,
    "51": 8.723865411406935,
    "52": 1.2506367783879342,
    "53": 0.6735740582434244,
    "54": 0.6075882820074826,
    "55": 0.6638297457627064,
    "56": 1.337273638602207,
    "57": 1.157409790796756,
    "58": 0.8886964475183539,
    "59": 57.11333298179739,
    "60": 0.7511316272746423,
    "61": 0.5017797779972852,
    "62": 0.7125867293408296,
    "63": 0.4270512858230001,
    "64": 1.0040314048836734,
    "65": 3.212275419899768,
    "66": 0.9075105136880631,
    "67": 1.137030876831327,
    "68": 0.7073883562948707,
    "69": 1.43600109052046,
    "70": 0.3380602038671452,
    "71": 0.7015517563172352,
    "72": 1.4330107205113418,
    "73": 1.0902677197867254,
    "74": 1.0675718215754635,
    "75": 1.137100794464528,
    "76": 1.8094299573308235,
    "77": 0.9281103669792985,
    "78": 1.6704187965830624,
    "79": 2.2415770600897136,
    "80": 0.8463804108768741,
    "81": 1.1833324846275115,
    "82": 0.9937706286740806,
    "83": 0.9654398091514854,
    "84": 1.149313056847322,
    "85": 14.930731378711718,
    "86": 0.5577354871859016,
    "87": 0.4487608301384473,
    "88": 1.7974113035716088,
    "89": 3.9441275210832005,
    "90": 1.6980001968468728,
    "91": 1.0031097747736883,
    "92": 1.3061721011379428,
    "93": 0.7624561945042552,
    "94": 1.2981888941952566,
    "95": 0.18268159506334464,
    "96": 12.953059519293262,
    "97": 0.9470687061454297,
    "98": 1.4812970310193752,
    "99": 1.2594076866576303,
    "100": 0.9798096866865236,
    "101": 0.6814416874836218,
    "102": 1.2160138885272573,
    "103": 1.1732375813096299,
    "104": 1.611556666070662,
    "105": 0.8419805561530774,
    "106": 0.6598184196689187,
    "107": 1.1091516968198616,
    "108": 0.7851874880852527,
    "109": 1.253792169199655,
    "110": 4.537061358419375,
    "111": 0.9389428455983554,
    "112": 0.7373035124875272,
    "113": 1.6383147776365596,
    "114": 0.5205753625404146,
    "115": 2.2734197539493635,
    "116": 0.879280745656901,
    "117": 0.9184182656236595,
    "118": 0.7423086470645595,
    "119": 0.31364183293982434,
    "120": 2.425478744190011,
    "121": 1.7017824713789307,
    "122": 0.14527536369323119,
    "123": 0.9884118396082245,
    "124": 1.1800485254670878,
    "125": 0.9831181930716345,
    "126": 1.7780711180231374,
    "127": 0.3523810757255766,
    "128": 0.02659841369589993,
    "129": 0.506006476517425,
    "130": 0.6670826898548198,
    "131": 0.9692120898502468,
    "132": 1.114095776915727,
    "133": 1.4875222578092693,
    "134": 0.834420495374511,
    "135": 1.305818615618823,
    "136": 1.1957697849035398,
    "137": 0.9892548467778702,
    "138": 1.429457810237629,
    "139": 1.6531334489229759,
    "140": 2.1483487555910687,
    "141": 0.9633500752741657,
    "142": 0.22590358463909274,
    "143": 1.0686409511779011,
    "144": 0.9697842820799607,
    "145": 0.8149238799412545,
    "146": 1.0319008838746675,
    "147": 1.7467833824623713,
    "148": 1.1991511739816625,
    "149": 0.0045457740920958915,
    "150": 1.2535101347182296,
    "151": 1.189842390418131,
    "152": 1.0653240131658073,
    "153": 1.4926442431265585,
    "154": 0.47216446876519785,
    "155": 0.48321325206334176,
    "156": 0.6077495984089613,
    "157": 0.6450703252096374,
    "158": 1.1874808694882966,
    "159": 1.9109297839648105,
    "160": 0.6396948447032509,
    "161": 0.8872000471700341,
    "162": 0.9044883945010079,
    "163": 2.5423188646315458,
    "164": 2.8372807872718515,
    "165": 0.6615004231730145,
    "166": 0.9535056338306983,
    "167": 1.4552263069249423,
    "168": 1.2583514882015447,
    "169": 0.6537391366195404,
    "170": 0.9473032681017086,
    "171": 2.9528028761389464,
    "172": 1.2117267745347984,
    "173": 0.9371558059674959,
    "174": 0.9497399801092482,
    "175": 1.998733575207972,
    "176": 0.6065393474034197,
    "177": 1.3338513392633904,
    "178": 0.6276836766535074,
    "179": 1.085530853192499
  },
  "p_train": {
    "72": 0.04433604056888327,
    "99": 0.035817016547124006,
    "118": 0.03368020938461998,
    "102": 0.032488666031449384,
    "96": 0.029730948284565895,
    "123": 0.02961342900016228,
    "135": 0.029347324463999652,
    "97": 0.02757799499429163,
    "25": 0.02635681634331491,
    "151": 0.02447405521648687,
    "78": 0.023987218807009627,
    "103": 0.02391793352455254,
    "98": 0.023903831210424102,
    "155": 0.022328050892594733,
    "177": 0.022260400661051085,
    "83": 0.021497445028566382,
    "140": 0.01888606433843592,
    "94": 0.018151313334208087,
    "133": 0.018091633975867466,
    "79": 0.017266342027307802,
    "84": 0.015022234648609164,
    "131": 0.015010993673579253,
    "29": 0.014711370593691075,
    "125": 0.014372301910516116,
    "61": 0.014310169975805333,
    "144": 0.014156679571306001,
    "158": 0.013870545661453716,
    "100": 0.013377169048322703,
    "138": 0.01173843927032583,
    "87": 0.010632736090110926,
    "116": 0.010624356454179537,
    "52": 0.010315740594267429,
    "76": 0.009999562623880654,
    "101": 0.008987874871188645,
    "50": 0.00884255972125652,
    "18": 0.008526994894962286,
    "62": 0.008353883879501653,
    "134": 0.008235751451005495,
    "57": 0.007369991992338151,
    "74": 0.007341378601352923,
    "19": 0.006962864314891185,
    "17": 0.005957716765852943,
    "64": 0.005603728243092829,
    "51": 0.00558431201349571,
    "28": 0.005422237591700809,
    "80": 0.005407522133479834,
    "63": 0.005406091463930573,
    "88": 0.005193943607911521,
    "73": 0.005154498004624741,
    "136": 0.004873269247512781,
    "39": 0.004468594146435977,
    "14": 0.004346987234748756,
    "174": 0.004238256349004888,