{
  "config": {
    "reference_week": 16,
    "clean_weeks": [
      13,
      14,
      15,
      17,
      18,
      19,
      20
    ],
    "severities": [
      10,
      100,
      1000
    ],
    "n_trials": 4,
    "n_resample": 12000,
    "seed": 42
  },
  "auroc": {
    "ours": {
      "auroc_clean": 0.9034581391726041,
      "auroc_10x": 0.8708036769705498,
      "auroc_100x": 0.832071854734235,
      "auroc_1000x": 0.8248068646232503
    },
    "bbse_soft": {
      "auroc_clean": 0.9027091253885016,
      "auroc_10x": 0.8705315590287102,
      "auroc_100x": 0.834583555100843,
      "auroc_1000x": 0.8286810244889324
    },
    "rlls": {
      "auroc_clean": 0.9352487482080705,
      "auroc_10x": 0.8673584694569013,
      "auroc_100x": 0.8145892025422682,
      "auroc_1000x": 0.8156598207392661
    },
    "em": {
      "auroc_clean": 0.9336946935631232,
      "auroc_10x": 0.8656293867014621,
      "auroc_100x": 0.7932927040986442,
      "auroc_1000x": 0.7843583875041407
    },
    "em_bcts": {
      "auroc_clean": 0.9336946935631232,
      "auroc_10x": 0.8656293867014621,
      "auroc_100x": 0.7932927040986442,
      "auroc_1000x": 0.7843583875041407
    },
    "naive": {
      "auroc_clean": 0.9674923308734275,
      "auroc_10x": 0.8392064105989011,
      "auroc_100x": 0.7551873778891411,
      "auroc_1000x": 0.7393237812554796
    }
  }
}