{
  "config": {
    "delta_deg": 0.15,
    "eps_healthy": 0.05,
    "n_min": 30,
    "reference_week": 16,
    "n_test_weeks": 52
  },
  "ground_truth": {
    "degraded": 3303,
    "healthy": 3527,
    "covariate_driven": 3041
  },
  "detection": {
    "ours": {
      "auroc": 0.9034581391726041,
      "auprc": 0.9133575993955139,
      "n_eval": 6476,
      "n_pos": 2957
    },
    "naive": {
      "auroc": 0.9674923308734275,
      "auprc": 0.9584905988705461,
      "n_eval": 6476,
      "n_pos": 2957
    },
    "mfwdd": {
      "auroc": 0.7477596847976282,
      "auprc": 0.5730447821207125,
      "n_eval": 5190,
      "n_pos": 2041
    }
  },
  "operating_point": {
    "ours": {
      "thr": 2.305188882592848,
      "recall": 0.0033818058843422386,
      "natural_bleed": 0.0005683432793407218,
      "labelshift_bleed": 0.029513888888888888
    },
    "naive": {
      "thr": 2.2962275832891463,
      "recall": 0.009807237064592493,
      "natural_bleed": 0.0005683432793407218,
      "labelshift_bleed": 0.029513888888888888
    },
    "mfwdd": {
      "thr": 3.3750030295873397,
      "recall": 0.03478686918177364,
      "natural_bleed": 0.018100984439504603,
      "labelshift_bleed": 0.025173611111111112
    }
  },
  "matched_recall_bleed": {
    "recall_50": {
      "ours": {
        "thr": 0.608896328774349,
        "bleed_labelshift": 0.273224043715847
      },
      "naive": {
        "thr": 0.7629979848861694,
        "bleed_labelshift": 0.30601092896174864
      },
      "mfwdd": {
        "thr": 0.46000150916368976,
        "bleed_labelshift": 0.589041095890411
      }
    },
    "recall_70": {
      "ours": {
        "thr": 0.39302038756631397,
        "bleed_labelshift": 0.37158469945355194
      },
      "naive": {
        "thr": 0.5131877183914185,
        "bleed_labelshift": 0.4426229508196721
      },
      "mfwdd": {
        "thr": 0.3431054341069263,
        "bleed_labelshift": 0.7191780821917808
      }
    },
    "recall_85": {
      "ours": {
        "thr": 0.19487055739278333,
        "bleed_labelshift": 0.5901639344262295
      },
      "naive": {
        "thr": 0.343991494178772,
        "bleed_labelshift": 0.5136612021857924
      },
      "mfwdd": {
        "thr": 0.25954215356013177,
        "bleed_labelshift": 0.8698630136986302
      }
    }
  },
  "auroc_under_contamination": {
    "ours": {
      "auroc_clean": 0.9034581391726041,
      "auroc_contaminated": 0.6680341728712642
    },
    "naive": {
      "auroc_clean": 0.9674923308734275,
      "auroc_contaminated": 0.6716719241736289
    },
    "mfwdd": {
      "auroc_clean": 0.7477596847976282,
      "auroc_contaminated": 0.46856563731182
    }
  },
  "robustness_label_shift": {
    "clean_weeks": [
      2,
      3,
      4,
      5,
      6,
      7,
      8,
      9
    ],
    "fpr_cal": 0.01,
    "threshold": {
      "ours": 2.305188882592848,
      "naive": 2.2962275832891463,
      "mfwdd": 3.3750030295873397
    },
    "severities": [
      10,
      100,
      1000
    ],
    "bleed": {
      "ours": {
        "10": 0.0170503108003108,
        "100": 0.01240079365079365,
        "1000": 0.029513888888888888
      },
      "naive": {
        "10": 0.0170503108003108,
        "100": 0.01240079365079365,
        "1000": 0.029513888888888888
      },
      "mfwdd": {
        "10": 0.006597222222222222,
        "100": 0.0222594246031746,
        "1000": 0.025173611111111112
      }
    }
  }
}