{
  "config": {
    "delta_deg": 0.15,
    "eps_healthy": 0.05,
    "n_min": 30,
    "reference_week": 16,
    "n_test_weeks": 36
  },
  "ground_truth": {
    "degraded": 1847,
    "healthy": 2710,
    "covariate_driven": 1635
  },
  "detection": {
    "ours": {
      "auroc": 0.8776248259890458,
      "auprc": 0.870345948760202,
      "n_eval": 4381,
      "n_pos": 1678
    },
    "naive": {
      "auroc": 0.9577087789711428,
      "auprc": 0.9366116864233234,
      "n_eval": 4381,
      "n_pos": 1678
    },
    "mfwdd": {
      "auroc": 0.723065275737351,
      "auprc": 0.4758222864104527,
      "n_eval": 3548,
      "n_pos": 1146
    }
  },
  "operating_point": {
    "ours": {
      "thr": 0.21595234348064105,
      "recall": 0.7818831942789034,
      "natural_bleed": 0.048834628190899,
      "labelshift_bleed": 0.2684021217789496
    },
    "naive": {
      "thr": 0.1980182623863223,
      "recall": 0.9058402860548271,
      "natural_bleed": 0.0536440991490936,
      "labelshift_bleed": 0.47741082560759107
    },
    "mfwdd": {
      "thr": 6.785868541625476,
      "recall": 0.013089005235602094,
      "natural_bleed": 0.010407993338884263,
      "labelshift_bleed": 0.015063625864659768
    }
  },
  "matched_recall_bleed": {
    "recall_50": {
      "ours": {
        "thr": 0.47901849082057324,
        "bleed_labelshift": 0.14620431115276475
      },
      "naive": {
        "thr": 0.5918827429413795,
        "bleed_labelshift": 0.3477038425492034
      },
      "mfwdd": {
        "thr": 0.4260389412379597,
        "bleed_labelshift": 0.43919716646989376
      }
    },
    "recall_70": {
      "ours": {
        "thr": 0.3000467621327038,
        "bleed_labelshift": 0.21743205248359887
      },
      "naive": {
        "thr": 0.4149258077144623,
        "bleed_labelshift": 0.408622305529522
      },
      "mfwdd": {
        "thr": 0.31990581783764177,
        "bleed_labelshift": 0.5667060212514758
      }
    },
    "recall_85": {
      "ours": {
        "thr": 0.11017488901517676,
        "bleed_labelshift": 0.3786316776007498
      },
      "naive": {
        "thr": 0.2739312395453453,
        "bleed_labelshift": 0.45735707591377694
      },
      "mfwdd": {
        "thr": 0.2410869569362508,
        "bleed_labelshift": 0.704840613931523
      }
    }
  },
  "auroc_under_contamination": {
    "ours": {
      "auroc_clean": 0.8776248259890458,
      "auroc_contaminated": 0.7681831027922964
    },
    "naive": {
      "auroc_clean": 0.9577087789711428,
      "auroc_contaminated": 0.6727951895247276
    },
    "mfwdd": {
      "auroc_clean": 0.723065275737351,
      "auroc_contaminated": 0.5722239049226198
    }
  },
  "robustness_label_shift": {
    "clean_weeks": [
      17,
      18,
      19,
      20
    ],
    "fpr_cal": 0.01,
    "threshold": {
      "ours": 0.21595234348064105,
      "naive": 0.1980182623863223,
      "mfwdd": 6.785868541625476
    },
    "severities": [
      10,
      100,
      1000
    ],
    "bleed": {
      "ours": {
        "10": 0.18465728570986334,
        "100": 0.22345448998221512,
        "1000": 0.2684021217789496
      },
      "naive": {
        "10": 0.37486489819198754,
        "100": 0.4261044121452795,
        "1000": 0.47741082560759107
      },
      "mfwdd": {
        "10": 0.017367664088326597,
        "100": 0.012089345839339845,
        "1000": 0.015063625864659768
      }
    }
  }
}