{
  "config": {
    "reference_week": 16,
    "inference_dir": "results/inference/week_16_inference",
    "checkpoint": "exps/cesnet_multimodal_each_week_train_v01/week_16/weights/best_model.pth",
    "clean_weeks": [
      13,
      14,
      15,
      17,
      18,
      19,
      20
    ],
    "severities": [
      1.0,
      2.0,
      3.0,
      5.0,
      10.0,
      20.0,
      50.0,
      100.0,
      200.0,
      500.0,
      1000.0
    ],
    "n_trials": 8,
    "n_resample": 12000,
    "n_emb_resample": 6000,
    "n_boot": 500,
    "seed": 42
  },
  "results": {
    "ours": {
      "auroc_clean": 0.9034581391726041,
      "severities": {
        "1.0": {
          "auroc": 0.8947608280950596,
          "ci_lo": 0.8930516097807732,
          "ci_hi": 0.8964130074666612,
          "n_neg": 8058,
          "n_cells": 56,
          "tv_from_natural": 0.5336279541119551
        },
        "2.0": {
          "auroc": 0.8930720009137212,
          "ci_lo": 0.8913761990099331,
          "ci_hi": 0.8947594828004166,
          "n_neg": 7953,
          "n_cells": 56,
          "tv_from_natural": 0.5415587605470776
        },
        "3.0": {
          "auroc": 0.8876257695631051,
          "ci_lo": 0.8854648251070504,
          "ci_hi": 0.8900200146540319,
          "n_neg": 7691,
          "n_cells": 56,
          "tv_from_natural": 0.5620012396937865
        },
        "5.0": {
          "auroc": 0.8796615558813577,
          "ci_lo": 0.8763238533130172,
          "ci_hi": 0.8827821182976606,
          "n_neg": 6827,
          "n_cells": 56,
          "tv_from_natural": 0.585930543576911
        },
        "10.0": {
          "auroc": 0.8673984682867268,
          "ci_lo": 0.8631265771299557,
          "ci_hi": 0.8714486716155564,
          "n_neg": 5899,
          "n_cells": 56,
          "tv_from_natural": 0.6352400874279167
        },
        "20.0": {
          "auroc": 0.8589058165100366,
          "ci_lo": 0.8539334972406449,
          "ci_hi": 0.8635619041649842,
          "n_neg": 5174,
          "n_cells": 56,
          "tv_from_natural": 0.6687379755139962
        },
        "50.0": {
          "auroc": 0.8476839781518413,
          "ci_lo": 0.8409121742373961,
          "ci_hi": 0.8540436439823149,
          "n_neg": 4595,
          "n_cells": 56,
          "tv_from_natural": 0.7112632602934481
        },
        "100.0": {
          "auroc": 0.8394895316865314,
          "ci_lo": 0.8310794037941613,
          "ci_hi": 0.8479471756188648,
          "n_neg": 4237,
          "n_cells": 56,
          "tv_from_natural": 0.7397492957156034
        },
        "200.0": {
          "auroc": 0.8330718018759907,
          "ci_lo": 0.8222124113293282,
          "ci_hi": 0.8437921259077222,
          "n_neg": 3951,
          "n_cells": 56,
          "tv_from_natural": 0.753794827671479
        },
        "500.0": {
          "auroc": 0.8210555697472064,
          "ci_lo": 0.8116016186879308,
          "ci_hi": 0.8299289011507042,
          "n_neg": 3728,
          "n_cells": 56,
          "tv_from_natural": 0.7888046312086555
        },
        "1000.0": {
          "auroc": 0.8263810772712537,
          "ci_lo": 0.8188770695458403,
          "ci_hi": 0.8345344729242764,
          "n_neg": 3482,
          "n_cells": 56,
          "tv_from_natural": 0.7827736814117702
        }
      }
    },
    "naive": {
      "auroc_clean": 0.9674923308734275,
      "severities": {
        "1.0": {
          "auroc": 0.9208484513654094,
          "ci_lo": 0.9192927036901065,
          "ci_hi": 0.9222489677769146,
          "n_neg": 8058,
          "n_cells": 56,
          "tv_from_natural": 0.5336279541119551
        },
        "2.0": {
          "auroc": 0.911656795305834,
          "ci_lo": 0.9098423222904902,
          "ci_hi": 0.9136105342239783,
          "n_neg": 7953,
          "n_cells": 56,
          "tv_from_natural": 0.5415587605470776
        },
        "3.0": {
          "auroc": 0.8923168105300932,
          "ci_lo": 0.8896661622430677,
          "ci_hi": 0.8953645670277042,
          "n_neg": 7691,
          "n_cells": 56,
          "tv_from_natural": 0.5620012396937865
        },
        "5.0": {
          "auroc": 0.8668678577802761,
          "ci_lo": 0.8640190322217737,
          "ci_hi": 0.8701560948218809,
          "n_neg": 6827,
          "n_cells": 56,
          "tv_from_natural": 0.585930543576911
        },
        "10.0": {
          "auroc": 0.8298573272336616,
          "ci_lo": 0.8241954905859438,
          "ci_hi": 0.8348176601545982,
          "n_neg": 5899,
          "n_cells": 56,
          "tv_from_natural": 0.6352400874279167
        },
        "20.0": {
          "auroc": 0.8055277950586417,
          "ci_lo": 0.7999892289469079,
          "ci_hi": 0.8110848279541063,
          "n_neg": 5174,
          "n_cells": 56,
          "tv_from_natural": 0.6687379755139962
        },
        "50.0": {
          "auroc": 0.7824687035760665,
          "ci_lo": 0.7718976772716537,
          "ci_hi": 0.79180818244758,
          "n_neg": 4595,
          "n_cells": 56,
          "tv_from_natural": 0.7112632602934481
        },
        "100.0": {
          "auroc": 0.7617394438689262,
          "ci_lo": 0.7524864323365078,
          "ci_hi": 0.7707746940089778,
          "n_neg": 4237,
          "n_cells": 56,
          "tv_from_natural": 0.7397492957156034
        },
        "200.0": {
          "auroc": 0.7530350445305346,
          "ci_lo": 0.7434827541167875,
          "ci_hi": 0.7618632311427247,
          "n_neg": 3951,
          "n_cells": 56,
          "tv_from_natural": 0.753794827671479
        },
        "500.0": {
          "auroc": 0.7284710137144564,
          "ci_lo": 0.7163520201896755,
          "ci_hi": 0.7401392896888054,
          "n_neg": 3728,
          "n_cells": 56,
          "tv_from_natural": 0.7888046312086555
        },
        "1000.0": {
          "auroc": 0.7273379671131518,
          "ci_lo": 0.7139326627395443,
          "ci_hi": 0.7398869373618244,
          "n_neg": 3482,
          "n_cells": 56,
          "tv_from_natural": 0.7827736814117702
        }
      }
    },
    "mfwdd": {
      "auroc_clean": 0.7477596847976282,
      "severities": {
        "1.0": {
          "auroc": 0.6865602053267672,
          "ci_lo": 0.6813885059535207,
          "ci_hi": 0.6917946838882264,
          "n_neg": 7521,
          "n_cells": 56,
          "tv_from_natural": 0.5336279541119551
        },
        "2.0": {
          "auroc": 0.6834619729810543,
          "ci_lo": 0.6783915457175476,
          "ci_hi": 0.6885836379237209,
          "n_neg": 7318,
          "n_cells": 56,
          "tv_from_natural": 0.5415587605470776
        },
        "3.0": {
          "auroc": 0.674974228440223,
          "ci_lo": 0.6679681181781989,
          "ci_hi": 0.6818430796744273,
          "n_neg": 6491,
          "n_cells": 56,
          "tv_from_natural": 0.5620012396937865
        },
        "5.0": {
          "auroc": 0.6740389373509486,
          "ci_lo": 0.665583681415824,
          "ci_hi": 0.6822096652616251,
          "n_neg": 5612,
          "n_cells": 56,
          "tv_from_natural": 0.585930543576911
        },
        "10.0": {
          "auroc": 0.6565147762687243,
          "ci_lo": 0.6476995281494199,
          "ci_hi": 0.6642166397309534,
          "n_neg": 4818,
          "n_cells": 56,
          "tv_from_natural": 0.6352400874279167
        },
        "20.0": {
          "auroc": 0.655856391866104,
          "ci_lo": 0.6466163669786823,
          "ci_hi": 0.6649675679897525,
          "n_neg": 4213,
          "n_cells": 56,
          "tv_from_natural": 0.6687379755139962
        },
        "50.0": {
          "auroc": 0.6392392103188973,
          "ci_lo": 0.6303626078169461,
          "ci_hi": 0.6478243698911307,
          "n_neg": 3680,
          "n_cells": 56,
          "tv_from_natural": 0.7112632602934481
        },
        "100.0": {
          "auroc": 0.6347600796114289,
          "ci_lo": 0.6223767025973236,