{
  "config": {
    "reference_week": 16,
    "inference_dir": "results/inference/cesnet-tls-year22/cnn/train_week_16",
    "checkpoint": null,
    "clean_weeks": [
      13,
      14,
      15,
      17,
      18,
      19,
      20
    ],
    "severities": [
      1.0,
      2.0,
      3.0,
      5.0,
      10.0,
      20.0,
      50.0,
      100.0,
      200.0,
      500.0,
      1000.0
    ],
    "n_trials": 8,
    "n_resample": 12000,
    "n_emb_resample": 6000,
    "n_boot": 500,
    "seed": 42,
    "ood_detectors": false,
    "logit_recon_max_err": null
  },
  "results": {
    "ours": {
      "auroc_clean": 0.9034581391726041,
      "severities": {
        "1.0": {
          "auroc": 0.8965679136494978,
          "ci_lo": 0.8951825405139295,
          "ci_hi": 0.8977778464641992,
          "n_neg": 8102,
          "n_cells": 56,
          "tv_from_natural": 0.5314886620101439
        },
        "2.0": {
          "auroc": 0.8936565403488205,
          "ci_lo": 0.8917977753018689,
          "ci_hi": 0.8953104362381876,
          "n_neg": 8009,
          "n_cells": 56,
          "tv_from_natural": 0.5391223414774291
        },
        "3.0": {
          "auroc": 0.8894687727734514,
          "ci_lo": 0.8870629009449091,
          "ci_hi": 0.89170528423759,
          "n_neg": 7772,
          "n_cells": 56,
          "tv_from_natural": 0.5580145952759181
        },
        "5.0": {
          "auroc": 0.8796373056205182,
          "ci_lo": 0.8763598435704625,
          "ci_hi": 0.8827207821652164,
          "n_neg": 6879,
          "n_cells": 56,
          "tv_from_natural": 0.5870664949930734
        },
        "10.0": {
          "auroc": 0.8698254540000085,
          "ci_lo": 0.8649525564466174,
          "ci_hi": 0.8740732344542024,
          "n_neg": 5916,
          "n_cells": 56,
          "tv_from_natural": 0.6281044622240373
        },
        "20.0": {
          "auroc": 0.8620532649736443,
          "ci_lo": 0.8559294715257502,
          "ci_hi": 0.8681066095790464,
          "n_neg": 5191,
          "n_cells": 56,
          "tv_from_natural": 0.6724921505199227
        },
        "50.0": {
          "auroc": 0.8496500205360639,
          "ci_lo": 0.8418360839125155,
          "ci_hi": 0.8567232132210351,
          "n_neg": 4606,
          "n_cells": 56,
          "tv_from_natural": 0.7112886242045857
        },
        "100.0": {
          "auroc": 0.8353892821667073,
          "ci_lo": 0.8253199233900091,
          "ci_hi": 0.8460789310950267,
          "n_neg": 4303,
          "n_cells": 56,
          "tv_from_natural": 0.7322741809580745
        },
        "200.0": {
          "auroc": 0.8237820604317501,
          "ci_lo": 0.8153629509669746,
          "ci_hi": 0.8328110941234734,
          "n_neg": 4042,
          "n_cells": 56,
          "tv_from_natural": 0.7620366941946104
        },
        "500.0": {
          "auroc": 0.8251292103393983,
          "ci_lo": 0.8152252468020125,
          "ci_hi": 0.8347035007869908,
          "n_neg": 3788,
          "n_cells": 56,
          "tv_from_natural": 0.7719000873453992
        },
        "1000.0": {
          "auroc": 0.8095656000852401,
          "ci_lo": 0.7979365836401591,
          "ci_hi": 0.8210151250394006,
          "n_neg": 3650,
          "n_cells": 56,
          "tv_from_natural": 0.8045443283818235
        }
      }
    },
    "naive": {
      "auroc_clean": 0.9674923308734275,
      "severities": {
        "1.0": {
          "auroc": 0.9214521529564671,
          "ci_lo": 0.9200180507732784,
          "ci_hi": 0.9229347150397849,
          "n_neg": 8102,
          "n_cells": 56,
          "tv_from_natural": 0.5314886620101439
        },
        "2.0": {
          "auroc": 0.9116340329506717,
          "ci_lo": 0.9098819594319802,
          "ci_hi": 0.9134677510285544,
          "n_neg": 8009,
          "n_cells": 56,
          "tv_from_natural": 0.5391223414774291
        },
        "3.0": {
          "auroc": 0.8962170680769881,
          "ci_lo": 0.8935293548948625,
          "ci_hi": 0.8987918596437928,
          "n_neg": 7772,
          "n_cells": 56,
          "tv_from_natural": 0.5580145952759181
        },
        "5.0": {
          "auroc": 0.864481343605882,
          "ci_lo": 0.8602088194259674,
          "ci_hi": 0.8687718696433512,
          "n_neg": 6879,
          "n_cells": 56,
          "tv_from_natural": 0.5870664949930734
        },
        "10.0": {
          "auroc": 0.8361607654268314,
          "ci_lo": 0.8310904643272273,
          "ci_hi": 0.8412995939898795,
          "n_neg": 5916,
          "n_cells": 56,
          "tv_from_natural": 0.6281044622240373
        },
        "20.0": {
          "auroc": 0.8086311555984458,
          "ci_lo": 0.8016485092352905,
          "ci_hi": 0.8148600201588109,
          "n_neg": 5191,
          "n_cells": 56,
          "tv_from_natural": 0.6724921505199227
        },
        "50.0": {
          "auroc": 0.786060138875775,
          "ci_lo": 0.7781395118283865,
          "ci_hi": 0.7940230300179226,
          "n_neg": 4606,
          "n_cells": 56,
          "tv_from_natural": 0.7112886242045857
        },
        "100.0": {
          "auroc": 0.767201214149262,
          "ci_lo": 0.7545696509360069,
          "ci_hi": 0.7796665151164155,
          "n_neg": 4303,
          "n_cells": 56,
          "tv_from_natural": 0.7322741809580745
        },
        "200.0": {
          "auroc": 0.7378698421394432,
          "ci_lo": 0.7251087861128459,
          "ci_hi": 0.7497659298089383,
          "n_neg": 4042,
          "n_cells": 56,
          "tv_from_natural": 0.7620366941946104
        },
        "500.0": {
          "auroc": 0.7278945240813505,
          "ci_lo": 0.7183229369372606,
          "ci_hi": 0.7389938275867968,
          "n_neg": 3788,
          "n_cells": 56,
          "tv_from_natural": 0.7719000873453992
        },
        "1000.0": {
          "auroc": 0.7031052853456623,
          "ci_lo": 0.689040455283776,
          "ci_hi": 0.7151600510942466,
          "n_neg": 3650,
          "n_cells": 56,
          "tv_from_natural": 0.8045443283818235
        }
      }
    },
    "bbse_soft": {
      "auroc_clean": 0.9027091253885016,
      "severities": {
        "1.0": {
          "auroc": 0.8946909738173427,
          "ci_lo": 0.8932027503303862,
          "ci_hi": 0.8961327738483429,
          "n_neg": 8102,
          "n_cells": 56,
          "tv_from_natural": 0.5314886620101439
        },
        "2.0": {
          "auroc": 0.8921328486852359,
          "ci_lo": 0.8902037380662647,
          "ci_hi": 0.8942458786270947,
          "n_neg": 8009,
          "n_cells": 56,
          "tv_from_natural": 0.5391223414774291
        },
        "3.0": {
          "auroc": 0.8889245596211681,
          "ci_lo": 0.8865752437625534,
          "ci_hi": 0.8912033191051606,
          "n_neg": 7772,
          "n_cells": 56,
          "tv_from_natural": 0.5580145952759181
        },
        "5.0": {
          "auroc": 0.8791771558447157,
          "ci_lo": 0.8758962608920016,
          "ci_hi": 0.8827555950790688,
          "n_neg": 6879,
          "n_cells": 56,
          "tv_from_natural": 0.5870664949930734
        },
        "10.0": {
          "auroc": 0.8719227338527915,
          "ci_lo": 0.8673458646637098,
          "ci_hi": 0.8767295733508323,
          "n_neg": 5916,
          "n_cells": 56,
          "tv_from_natural": 0.6281044622240373
        },
        "20.0": {
          "auroc": 0.8634406457887658,
          "ci_lo": 0.8563503285908445,
          "ci_hi": 0.8689343765119526,
          "n_neg": 5191,
          "n_cells": 56,
          "tv_from_natural": 0.6724921505199227
        },
        "50.0": {
          "auroc": 0.8533075985198761,
          "ci_lo": 0.845076218018681,
          "ci_hi": 0.8618421695747426,
          "n_neg": 4606,
          "n_cells": 56,
          "tv_from_natural": 0.7112886242045857
        },
        "100.0": {
          "auroc": 0.8412574973646199,