{
  "config": {
    "reference_week": 16,
    "inference_dir": "results/inference/week_16_inference",
    "checkpoint": "exps/cesnet_multimodal_each_week_train_v01/week_16/weights/best_model.pth",
    "clean_weeks": [
      17,
      18,
      19,
      20
    ],
    "severities": [
      1.0,
      2.0,
      3.0,
      5.0,
      10.0,
      20.0,
      50.0,
      100.0,
      200.0,
      500.0,
      1000.0
    ],
    "n_trials": 14,
    "n_resample": 12000,
    "n_emb_resample": 6000,
    "n_boot": 500,
    "seed": 42
  },
  "results": {
    "ours": {
      "auroc_clean": 0.9034581391726041,
      "severities": {
        "1.0": {
          "auroc": 0.8965679136494978,
          "ci_lo": 0.8951825405139295,
          "ci_hi": 0.8977778464641992,
          "n_neg": 8102,
          "n_cells": 56,
          "tv_from_natural": 0.5314886620101439
        },
        "2.0": {
          "auroc": 0.8936565403488205,
          "ci_lo": 0.8917977753018689,
          "ci_hi": 0.8953104362381876,
          "n_neg": 8009,
          "n_cells": 56,
          "tv_from_natural": 0.5391223414774291
        },
        "3.0": {
          "auroc": 0.8894687727734514,
          "ci_lo": 0.8870629009449091,
          "ci_hi": 0.89170528423759,
          "n_neg": 7772,
          "n_cells": 56,
          "tv_from_natural": 0.5580145952759181
        },
        "5.0": {
          "auroc": 0.8796373056205182,
          "ci_lo": 0.8763598435704625,
          "ci_hi": 0.8827207821652164,
          "n_neg": 6879,
          "n_cells": 56,
          "tv_from_natural": 0.5870664949930734
        },
        "10.0": {
          "auroc": 0.8698254540000085,
          "ci_lo": 0.8649525564466174,
          "ci_hi": 0.8740732344542024,
          "n_neg": 5916,
          "n_cells": 56,
          "tv_from_natural": 0.6281044622240373
        },
        "20.0": {
          "auroc": 0.8620532649736443,
          "ci_lo": 0.8559294715257502,
          "ci_hi": 0.8681066095790464,
          "n_neg": 5191,
          "n_cells": 56,
          "tv_from_natural": 0.6724921505199227
        },
        "50.0": {
          "auroc": 0.8496500205360639,
          "ci_lo": 0.8418360839125155,
          "ci_hi": 0.8567232132210351,
          "n_neg": 4606,
          "n_cells": 56,
          "tv_from_natural": 0.7112886242045857
        },
        "100.0": {
          "auroc": 0.8353892821667073,
          "ci_lo": 0.8253199233900091,
          "ci_hi": 0.8460789310950267,
          "n_neg": 4303,
          "n_cells": 56,
          "tv_from_natural": 0.7322741809580745
        },
        "200.0": {
          "auroc": 0.8237820604317501,
          "ci_lo": 0.8153629509669746,
          "ci_hi": 0.8328110941234734,
          "n_neg": 4042,
          "n_cells": 56,
          "tv_from_natural": 0.7620366941946104
        },
        "500.0": {
          "auroc": 0.8251292103393983,
          "ci_lo": 0.8152252468020125,
          "ci_hi": 0.8347035007869908,
          "n_neg": 3788,
          "n_cells": 56,
          "tv_from_natural": 0.7719000873453992
        },
        "1000.0": {
          "auroc": 0.8095656000852401,
          "ci_lo": 0.7979365836401591,
          "ci_hi": 0.8210151250394006,
          "n_neg": 3650,
          "n_cells": 56,
          "tv_from_natural": 0.8045443283818235
        }
      }
    },
    "naive": {
      "auroc_clean": 0.9674923308734275,
      "severities": {
        "1.0": {
          "auroc": 0.9214521529564671,
          "ci_lo": 0.9200180507732784,
          "ci_hi": 0.9229347150397849,
          "n_neg": 8102,
          "n_cells": 56,
          "tv_from_natural": 0.5314886620101439
        },
        "2.0": {
          "auroc": 0.9116340329506717,
          "ci_lo": 0.9098819594319802,
          "ci_hi": 0.9134677510285544,
          "n_neg": 8009,
          "n_cells": 56,
          "tv_from_natural": 0.5391223414774291
        },
        "3.0": {
          "auroc": 0.8962170680769881,
          "ci_lo": 0.8935293548948625,
          "ci_hi": 0.8987918596437928,
          "n_neg": 7772,
          "n_cells": 56,
          "tv_from_natural": 0.5580145952759181
        },
        "5.0": {
          "auroc": 0.864481343605882,
          "ci_lo": 0.8602088194259674,
          "ci_hi": 0.8687718696433512,
          "n_neg": 6879,
          "n_cells": 56,
          "tv_from_natural": 0.5870664949930734
        },
        "10.0": {
          "auroc": 0.8361607654268314,
          "ci_lo": 0.8310904643272273,
          "ci_hi": 0.8412995939898795,
          "n_neg": 5916,
          "n_cells": 56,
          "tv_from_natural": 0.6281044622240373
        },
        "20.0": {
          "auroc": 0.8086311555984458,
          "ci_lo": 0.8016485092352905,
          "ci_hi": 0.8148600201588109,
          "n_neg": 5191,
          "n_cells": 56,
          "tv_from_natural": 0.6724921505199227
        },
        "50.0": {
          "auroc": 0.786060138875775,
          "ci_lo": 0.7781395118283865,
          "ci_hi": 0.7940230300179226,
          "n_neg": 4606,
          "n_cells": 56,
          "tv_from_natural": 0.7112886242045857
        },
        "100.0": {
          "auroc": 0.767201214149262,
          "ci_lo": 0.7545696509360069,
          "ci_hi": 0.7796665151164155,
          "n_neg": 4303,
          "n_cells": 56,
          "tv_from_natural": 0.7322741809580745
        },
        "200.0": {
          "auroc": 0.7378698421394432,
          "ci_lo": 0.7251087861128459,
          "ci_hi": 0.7497659298089383,
          "n_neg": 4042,
          "n_cells": 56,
          "tv_from_natural": 0.7620366941946104
        },
        "500.0": {
          "auroc": 0.7278945240813505,
          "ci_lo": 0.7183229369372606,
          "ci_hi": 0.7389938275867968,
          "n_neg": 3788,
          "n_cells": 56,
          "tv_from_natural": 0.7719000873453992
        },
        "1000.0": {
          "auroc": 0.7031052853456623,
          "ci_lo": 0.689040455283776,
          "ci_hi": 0.7151600510942466,
          "n_neg": 3650,
          "n_cells": 56,
          "tv_from_natural": 0.8045443283818235
        }
      }
    },
    "mfwdd": {
      "auroc_clean": 0.7477596847976282,
      "severities": {
        "1.0": {
          "auroc": 0.6904881041021268,
          "ci_lo": 0.6848667744774982,
          "ci_hi": 0.6952470768061382,
          "n_neg": 7620,
          "n_cells": 56,
          "tv_from_natural": 0.5314886620101439
        },
        "2.0": {
          "auroc": 0.6824435040390091,
          "ci_lo": 0.6772480324096662,
          "ci_hi": 0.6871058930769661,
          "n_neg": 7364,
          "n_cells": 56,
          "tv_from_natural": 0.5391223414774291
        },
        "3.0": {
          "auroc": 0.6779707477900282,
          "ci_lo": 0.6718976226387473,
          "ci_hi": 0.6842601367050924,
          "n_neg": 6515,
          "n_cells": 56,
          "tv_from_natural": 0.5580145952759181
        },
        "5.0": {
          "auroc": 0.6623050779322504,
          "ci_lo": 0.6537981008341248,
          "ci_hi": 0.6704678588460028,
          "n_neg": 5626,
          "n_cells": 56,
          "tv_from_natural": 0.5870664949930734
        },
        "10.0": {
          "auroc": 0.6567645358766058,
          "ci_lo": 0.6487430357791393,
          "ci_hi": 0.6651290099883844,
          "n_neg": 4807,
          "n_cells": 56,
          "tv_from_natural": 0.6281044622240373
        },
        "20.0": {
          "auroc": 0.6502813694382099,
          "ci_lo": 0.6407445124371106,
          "ci_hi": 0.6599056715220699,
          "n_neg": 4276,
          "n_cells": 56,
          "tv_from_natural": 0.6724921505199227
        },
        "50.0": {
          "auroc": 0.6262675357619518,
          "ci_lo": 0.616559451932034,
          "ci_hi": 0.6360307151691147,
          "n_neg": 3754,
          "n_cells": 56,
          "tv_from_natural": 0.7112886242045857
        },
        "100.0": {
          "auroc": 0.6252716885636767,
          "ci_lo": 0.6139949847037252,