Year,Num_Apps,Num_Sessions,Total_GB,Total_Hours,Num_Flows
2019,13,4,0.412377638,18.557354171944446,427
2020,13,6,0.659036964,55.502567722500004,2751
2021,27,1046,109.962417258,2944.6039044149998,58039
2022,26,818,50.858647088,864.5227139677777,29574
2023,20,369,41.858803075,393.16319821694447,15366
