{
  "config": {
    "reference_week": 1,
    "clean_weeks": [
      2,
      3,
      4,
      5,
      6,
      7,
      8,
      9
    ],
    "severities": [
      10,
      100,
      1000
    ],
    "n_trials": 4,
    "n_resample": 12000,
    "seed": 42
  },
  "auroc": {
    "ours": {
      "auroc_clean": 0.8885897726887326,
      "auroc_10x": 0.9261796262156057,
      "auroc_100x": 0.9035854745673833,
      "auroc_1000x": 0.8913993242036468
    },
    "bbse_soft": {
      "auroc_clean": 0.8987919344024503,
      "auroc_10x": 0.9398348435694369,
      "auroc_100x": 0.9194202281069742,
      "auroc_1000x": 0.9098416794906508
    },
    "rlls": {
      "auroc_clean": 0.9123375257952503,
      "auroc_10x": 0.9361888744613031,
      "auroc_100x": 0.909334344645042,
      "auroc_1000x": 0.8966305005561821
    },
    "em": {
      "auroc_clean": 0.904368039195736,
      "auroc_10x": 0.919399270487619,
      "auroc_100x": 0.867307398182136,
      "auroc_1000x": 0.8462955537047889
    },
    "em_bcts": {
      "auroc_clean": 0.904368039195736,
      "auroc_10x": 0.919399270487619,
      "auroc_100x": 0.867307398182136,
      "auroc_1000x": 0.8462955537047889
    },
    "naive": {
      "auroc_clean": 0.9418812596691425,
      "auroc_10x": 0.907496305745575,
      "auroc_100x": 0.8369328538966714,
      "auroc_1000x": 0.8064869366729388
    }
  }
}