{
  "config": {
    "delta_deg": 0.15,
    "eps_healthy": 0.05,
    "n_min": 30,
    "reference_week": 1,
    "n_test_weeks": 52
  },
  "ground_truth": {
    "degraded": 6029,
    "healthy": 1694,
    "covariate_driven": 5697
  },
  "detection": {
    "ours": {
      "auroc": 0.8885897726887326,
      "auprc": 0.9481462784602297,
      "n_eval": 7396,
      "n_pos": 5721
    },
    "naive": {
      "auroc": 0.9418812596691425,
      "auprc": 0.9643131349248024,
      "n_eval": 7396,
      "n_pos": 5721
    },
    "mfwdd": {
      "auroc": 0.7253838109549797,
      "auprc": 0.861327982653938,
      "n_eval": 5358,
      "n_pos": 4113
    }
  },
  "operating_point": {
    "ours": {
      "thr": 0.3536258632788629,
      "recall": 0.8465303268659325,
      "natural_bleed": 0.14567164179104478,
      "labelshift_bleed": 0.15590080202440199
    },
    "naive": {
      "thr": 0.3095082592964177,
      "recall": 0.9465128474043,
      "natural_bleed": 0.15044776119402986,
      "labelshift_bleed": 0.433297573576342
    },
    "mfwdd": {
      "thr": 9.6018704856476,
      "recall": 0.011184050571359105,
      "natural_bleed": 0.00963855421686747,
      "labelshift_bleed": 0.008614033831233534
    }
  },
  "matched_recall_bleed": {
    "recall_50": {
      "ours": {
        "thr": 0.8930535966878261,
        "bleed_labelshift": 0.03991915108640728
      },
      "naive": {
        "thr": 1.0398485660552979,
        "bleed_labelshift": 0.17685699848408287
      },
      "mfwdd": {
        "thr": 0.5401468342751929,
        "bleed_labelshift": 0.318397827562797
      }
    },
    "recall_70": {
      "ours": {
        "thr": 0.5992479644510449,
        "bleed_labelshift": 0.08590197069226882
      },
      "naive": {
        "thr": 0.7334381341934204,
        "bleed_labelshift": 0.281455280444669
      },
      "mfwdd": {
        "thr": 0.40785143162277343,
        "bleed_labelshift": 0.4711473183978276
      }
    },
    "recall_85": {
      "ours": {
        "thr": 0.34800604924206563,
        "bleed_labelshift": 0.15613946437594745
      },
      "naive": {
        "thr": 0.5181968808174133,
        "bleed_labelshift": 0.3582617483577564
      },
      "mfwdd": {
        "thr": 0.31171378905446945,
        "bleed_labelshift": 0.6123557365919892
      }
    }
  },
  "auroc_under_contamination": {
    "ours": {
      "auroc_clean": 0.8885897726887326,
      "auroc_contaminated": 0.895469374773171
    },
    "naive": {
      "auroc_clean": 0.9418812596691425,
      "auroc_contaminated": 0.8045597458862542
    },
    "mfwdd": {
      "auroc_clean": 0.7253838109549797,
      "auroc_contaminated": 0.6427333134272484
    }
  },
  "robustness_label_shift": {
    "clean_weeks": [
      2,
      3,
      4,
      5,
      6,
      7,
      8,
      9
    ],
    "fpr_cal": 0.01,
    "threshold": {
      "ours": 0.3536258632788629,
      "naive": 0.3095082592964177,
      "mfwdd": 9.6018704856476
    },
    "severities": [
      10,
      100,
      1000
    ],
    "bleed": {
      "ours": {
        "10": 0.08167962790941996,
        "100": 0.1404154491960047,
        "1000": 0.15590080202440199
      },
      "naive": {
        "10": 0.2995112259440472,
        "100": 0.39369885189748577,
        "1000": 0.433297573576342
      },
      "mfwdd": {
        "10": 0.011685378840480232,
        "100": 0.015342272976208871,
        "1000": 0.008614033831233534
      }
    }
  }
}