{
  "config": {
    "reference_week": 1,
    "inference_dir": "results/inference/week_1_inference",
    "checkpoint": null,
    "clean_weeks": [
      2,
      3,
      4,
      5,
      6,
      7,
      8,
      9
    ],
    "severities": [
      1.0,
      2.0,
      3.0,
      5.0,
      10.0,
      20.0,
      50.0,
      100.0,
      200.0,
      500.0,
      1000.0
    ],
    "n_trials": 8,
    "n_resample": 12000,
    "n_emb_resample": 6000,
    "n_boot": 500,
    "seed": 42
  },
  "results": {
    "ours": {
      "auroc_clean": 0.8885897726887326,
      "severities": {
        "1.0": {
          "auroc": 0.9410825554466,
          "ci_lo": 0.9394659307130635,
          "ci_hi": 0.9428252385900736,
          "n_neg": 7931,
          "n_cells": 64,
          "tv_from_natural": 0.5117169765066257
        },
        "2.0": {
          "auroc": 0.9400082486645428,
          "ci_lo": 0.9384281510122772,
          "ci_hi": 0.9414288718291146,
          "n_neg": 7838,
          "n_cells": 64,
          "tv_from_natural": 0.5247537635024005
        },
        "3.0": {
          "auroc": 0.9371134976365626,
          "ci_lo": 0.9354657202378063,
          "ci_hi": 0.9389490878633104,
          "n_neg": 7538,
          "n_cells": 64,
          "tv_from_natural": 0.5372723907275728
        },
        "5.0": {
          "auroc": 0.9332219999066109,
          "ci_lo": 0.9311967586099971,
          "ci_hi": 0.9353591085194812,
          "n_neg": 6768,
          "n_cells": 64,
          "tv_from_natural": 0.5656427623799433
        },
        "10.0": {
          "auroc": 0.92699108452685,
          "ci_lo": 0.9236623908970658,
          "ci_hi": 0.9304714333676207,
          "n_neg": 5902,
          "n_cells": 64,
          "tv_from_natural": 0.622781690060555
        },
        "20.0": {
          "auroc": 0.9191623581471298,
          "ci_lo": 0.9154952861108444,
          "ci_hi": 0.9228351402339151,
          "n_neg": 5314,
          "n_cells": 64,
          "tv_from_natural": 0.6640328938148468
        },
        "50.0": {
          "auroc": 0.9133295095424113,
          "ci_lo": 0.9087154975199386,
          "ci_hi": 0.9183236071726101,
          "n_neg": 4819,
          "n_cells": 64,
          "tv_from_natural": 0.7081142070363381
        },
        "100.0": {
          "auroc": 0.907993566346479,
          "ci_lo": 0.9019477838963094,
          "ci_hi": 0.9138807263676654,
          "n_neg": 4501,
          "n_cells": 64,
          "tv_from_natural": 0.7347674901750971
        },
        "200.0": {
          "auroc": 0.8948298839043538,
          "ci_lo": 0.8884790891045545,
          "ci_hi": 0.9008567636893241,
          "n_neg": 4236,
          "n_cells": 64,
          "tv_from_natural": 0.7500622757455722
        },
        "500.0": {
          "auroc": 0.8887907309511924,
          "ci_lo": 0.8831603896575625,
          "ci_hi": 0.8956988346123838,
          "n_neg": 3996,
          "n_cells": 64,
          "tv_from_natural": 0.7707253722824845
        },
        "1000.0": {
          "auroc": 0.8982503590514055,
          "ci_lo": 0.8914187542451583,
          "ci_hi": 0.9043688957701048,
          "n_neg": 3847,
          "n_cells": 64,
          "tv_from_natural": 0.7782795248830152
        }
      }
    },
    "naive": {
      "auroc_clean": 0.9418812596691425,
      "severities": {
        "1.0": {
          "auroc": 0.9662534760844005,
          "ci_lo": 0.9641052156979628,
          "ci_hi": 0.9682993252512574,
          "n_neg": 7931,
          "n_cells": 64,
          "tv_from_natural": 0.5117169765066257
        },
        "2.0": {
          "auroc": 0.9598867095388486,
          "ci_lo": 0.957466136391203,
          "ci_hi": 0.9623962755146731,
          "n_neg": 7838,
          "n_cells": 64,
          "tv_from_natural": 0.5247537635024005
        },
        "3.0": {
          "auroc": 0.9500594760827029,
          "ci_lo": 0.9466330105479973,
          "ci_hi": 0.9535097371136744,
          "n_neg": 7538,
          "n_cells": 64,
          "tv_from_natural": 0.5372723907275728
        },
        "5.0": {
          "auroc": 0.9291143522495819,
          "ci_lo": 0.9249577480314214,
          "ci_hi": 0.9331030397617562,
          "n_neg": 6768,
          "n_cells": 64,
          "tv_from_natural": 0.5656427623799433
        },
        "10.0": {
          "auroc": 0.8994104665073435,
          "ci_lo": 0.8941848150717454,
          "ci_hi": 0.9047882191805414,
          "n_neg": 5902,
          "n_cells": 64,
          "tv_from_natural": 0.622781690060555
        },
        "20.0": {
          "auroc": 0.87750157114506,
          "ci_lo": 0.87174587096312,
          "ci_hi": 0.8826794279016201,
          "n_neg": 5314,
          "n_cells": 64,
          "tv_from_natural": 0.6640328938148468
        },
        "50.0": {
          "auroc": 0.8520596620199737,
          "ci_lo": 0.842979784441143,
          "ci_hi": 0.8595498928568941,
          "n_neg": 4819,
          "n_cells": 64,
          "tv_from_natural": 0.7081142070363381
        },
        "100.0": {
          "auroc": 0.8358320885867349,
          "ci_lo": 0.8258889330123124,
          "ci_hi": 0.8454474312016147,
          "n_neg": 4501,
          "n_cells": 64,
          "tv_from_natural": 0.7347674901750971
        },
        "200.0": {
          "auroc": 0.8176028494658532,
          "ci_lo": 0.8064728870724107,
          "ci_hi": 0.828459808025726,
          "n_neg": 4236,
          "n_cells": 64,
          "tv_from_natural": 0.7500622757455722
        },
        "500.0": {
          "auroc": 0.8000851314520253,
          "ci_lo": 0.7899439733708921,
          "ci_hi": 0.8127834445079737,
          "n_neg": 3996,
          "n_cells": 64,
          "tv_from_natural": 0.7707253722824845
        },
        "1000.0": {
          "auroc": 0.807892674378985,
          "ci_lo": 0.7955524732468615,
          "ci_hi": 0.818793412469417,
          "n_neg": 3847,
          "n_cells": 64,
          "tv_from_natural": 0.7782795248830152
        }
      }
    },
    "bbse_soft": {
      "auroc_clean": 0.8987919344024503,
      "severities": {
        "1.0": {
          "auroc": 0.9508352839870344,
          "ci_lo": 0.9494474642974668,
          "ci_hi": 0.9522742862488098,
          "n_neg": 7931,
          "n_cells": 64,
          "tv_from_natural": 0.5117169765066257
        },
        "2.0": {
          "auroc": 0.9495936303931933,
          "ci_lo": 0.9482438937033066,
          "ci_hi": 0.9509268835742334,
          "n_neg": 7838,
          "n_cells": 64,
          "tv_from_natural": 0.5247537635024005
        },
        "3.0": {
          "auroc": 0.9475430179568194,
          "ci_lo": 0.9459954866922755,
          "ci_hi": 0.9490520022870131,
          "n_neg": 7538,
          "n_cells": 64,
          "tv_from_natural": 0.5372723907275728
        },
        "5.0": {
          "auroc": 0.9440964822893384,
          "ci_lo": 0.9422097627370016,
          "ci_hi": 0.9460308341292422,
          "n_neg": 6768,
          "n_cells": 64,
          "tv_from_natural": 0.5656427623799433
        },
        "10.0": {
          "auroc": 0.9392231241134771,
          "ci_lo": 0.9362998621050185,
          "ci_hi": 0.9416334583929009,
          "n_neg": 5902,
          "n_cells": 64,
          "tv_from_natural": 0.622781690060555
        },
        "20.0": {
          "auroc": 0.9340599973803833,
          "ci_lo": 0.9306461131320299,
          "ci_hi": 0.9370712919599057,
          "n_neg": 5314,
          "n_cells": 64,
          "tv_from_natural": 0.6640328938148468
        },
        "50.0": {
          "auroc": 0.9294378544927494,
          "ci_lo": 0.925628443962802,
          "ci_hi": 0.9327454198976509,
          "n_neg": 4819,
          "n_cells": 64,
          "tv_from_natural": 0.7081142070363381
        },
        "100.0": {
          "auroc": 0.9250025854147038,
          "ci_lo": 0.9202227386884818,
          "ci_hi": 0.9293740925902676,
          "n_neg": 4501,