teacher_source_acc,teacher_target_acc,student_source_acc,student_target_acc,pseudo_label_usage,iterations
86.59947816041588,61.94138850550069,73.93590535184337,63.32292601873316,39.84375,0
88.30043619415619,62.03920832942501,74.95966697870814,64.31184423868037,47.65625,5000
89.3480988706754,62.90886676403982,74.31931802338319,63.80264515523872,41.40625,9999
