{
  "config": {
    "inference_dir": "results/inference/cesnet-tls-year22/cnn/train_week_16",
    "reference_week": 16,
    "forward_only": true,
    "seeds": [
      1,
      2,
      3,
      4,
      42
    ],
    "f1_threshold": 0.6,
    "n_win": 8000,
    "clean_seeds": 6,
    "viral_windows": 12,
    "frac_lo": 0.3,
    "frac_hi": 0.85,
    "min_class_n": 20,
    "mfwdd_channels": 120,
    "mfwdd_m": 3000,
    "tpr_targets": [
      0.9,
      0.95
    ],
    "output_dir": "figs",
    "tag": "ref16",
    "quick": false
  },
  "reference_week": 16,
  "week_clean_f1": {
    "17": 0.7406255183016914,
    "18": 0.7230915367111809,
    "19": 0.7149555894557589,
    "20": 0.6956902451819356,
    "21": 0.6826140885858828,
    "22": 0.6845980626845107,
    "23": 0.666120175645534,
    "24": 0.6724861307719104,
    "25": 0.649490406295357,
    "26": 0.6280870475077737,
    "27": 0.5970161012451056,
    "28": 0.5932308794246915,
    "29": 0.5778499772905263,
    "30": 0.5800739594182752,
    "31": 0.5761900571960354,
    "32": 0.5666898824114633,
    "33": 0.5646531795057051,
    "34": 0.552131262612283,
    "35": 0.5480325607212695,
    "36": 0.5472891349909579,
    "37": 0.5390327787555269,
    "38": 0.5318005139383343,
    "39": 0.5340009605845513,
    "40": 0.5335163635132992,
    "41": 0.5309190019269223,
    "42": 0.5210848820964974,
    "43": 0.5227541293741993,
    "44": 0.496916612113702,
    "45": 0.47077285975346145,
    "46": 0.47124806303466926,
    "47": 0.48390416274169895,
    "48": 0.48691990311029026,
    "49": 0.4820279835120688,
    "50": 0.46110966104079537,
    "51": 0.4716332543513112,
    "52": 0.4473844723020294
  },
  "is_anom": {
    "17": 0,
    "18": 0,
    "19": 0,
    "20": 0,
    "21": 0,
    "22": 0,
    "23": 0,
    "24": 0,
    "25": 0,
    "26": 0,
    "27": 1,
    "28": 1,
    "29": 1,
    "30": 1,
    "31": 1,
    "32": 1,
    "33": 1,
    "34": 1,
    "35": 1,
    "36": 1,
    "37": 1,
    "38": 1,
    "39": 1,
    "40": 1,
    "41": 1,
    "42": 1,
    "43": 1,
    "44": 1,
    "45": 1,
    "46": 1,
    "47": 1,
    "48": 1,
    "49": 1,
    "50": 1,
    "51": 1,
    "52": 1
  },
  "n_pos": 26,
  "n_neg": 10,
  "seeds": [
    1,
    2,
    3,
    4,
    42
  ],
  "spiked_app_f1_healthy_mean": 0.7658316101811712,
  "regimes": {
    "clean": {
      "detectors": {
        "uncorrected": {
          "auroc_mean": 0.9998504273504274,
          "auroc_std": 0.00015989988832367216,
          "far90_mean": 0.0,
          "far90_std": 0.0,
          "far95_mean": 0.0,
          "far95_std": 0.0
        },
        "mfwdd": {
          "auroc_mean": 0.9998931623931624,
          "auroc_std": 0.0001655121088122822,
          "far90_mean": 0.0,
          "far90_std": 0.0,
          "far95_mean": 0.0,
          "far95_std": 0.0
        },
        "bbse": {
          "auroc_mean": 1.0,
          "auroc_std": 0.0,
          "far90_mean": 0.0,
          "far90_std": 0.0,
          "far95_mean": 0.0,
          "far95_std": 0.0
        },
        "bbse_soft": {
          "auroc_mean": 1.0,
          "auroc_std": 0.0,
          "far90_mean": 0.0,
          "far90_std": 0.0,
          "far95_mean": 0.0,
          "far95_std": 0.0
        },
        "rlls": {
          "auroc_mean": 0.9997649572649573,
          "auroc_std": 0.00014173610215193966,
          "far90_mean": 0.0,
          "far90_std": 0.0,
          "far95_mean": 0.0,
          "far95_std": 0.0
        },
        "em": {
          "auroc_mean": 0.9835897435897436,
          "auroc_std": 0.003675337902889553,
          "far90_mean": 0.056666666666666664,
          "far90_std": 0.013333333333333332,
          "far95_mean": 0.1,
          "far95_std": 0.0105409255338946
        },
        "em_bcts": {
          "auroc_mean": 1.0,
          "auroc_std": 0.0,
          "far90_mean": 0.0,
          "far90_std": 0.0,
          "far95_mean": 0.0,
          "far95_std": 0.0
        }
      }
    },
    "viral": {
      "detectors": {
        "uncorrected": {
          "auroc_mean": 0.7079006410256411,
          "auroc_std": 0.019820625001986083,
          "far90_mean": 0.665,
          "far90_std": 0.04096068575814834,
          "far95_mean": 0.8366666666666666,
          "far95_std": 0.05739725119240854
        },
        "mfwdd": {
          "auroc_mean": 0.6496634615384614,
          "auroc_std": 0.03398487144514391,
          "far90_mean": 0.6533333333333333,
          "far90_std": 0.06381396573025548,
          "far95_mean": 0.7316666666666667,
          "far95_std": 0.06155395104206463
        },
        "bbse": {
          "auroc_mean": 0.8341826923076923,
          "auroc_std": 0.0070826847042877745,
          "far90_mean": 0.38,
          "far90_std": 0.04672615256292063,
          "far95_mean": 0.675,
          "far95_std": 0.08944271909999156
        },
        "bbse_soft": {
          "auroc_mean": 0.8355288461538463,
          "auroc_std": 0.002818994832382857,
          "far90_mean": 0.4083333333333334,
          "far90_std": 0.06770032003863301,
          "far95_mean": 0.725,
          "far95_std": 0.07940752833047732
        },
        "rlls": {
          "auroc_mean": 0.8486698717948717,
          "auroc_std": 0.015029638320114606,
          "far90_mean": 0.325,
          "far90_std": 0.021730674684008827,
          "far95_mean": 0.48999999999999994,
          "far95_std": 0.026562295750848734
        },
        "em": {
          "auroc_mean": 0.7589529914529914,
          "auroc_std": 0.02130385413274996,
          "far90_mean": 0.7050000000000001,
          "far90_std": 0.03559026084010435,
          "far95_mean": 0.8816666666666666,
          "far95_std": 0.018559214542766746
        },
        "em_bcts": {
          "auroc_mean": 0.828392094017094,
          "auroc_std": 0.01673943645505817,
          "far90_mean": 0.43166666666666664,
          "far90_std": 0.06442049363362563,
          "far95_mean": 0.6799999999999999,
          "far95_std": 0.07881060278357928
        }
      }
    }
  },
  "per_seed": {
    "1": {
      "spiked_app_f1_healthy": 0.7750219126654455,
      "clean": {
        "n": 216,
        "pos": 156,
        "neg": 60,
        "detectors": {
          "uncorrected": {
            "auroc": 0.9995726495726496,
            "fpr_at_tpr": {
              "0.90": 0.0,
              "0.95": 0.0
            }
          },
          "mfwdd": {
            "auroc": 1.0,
            "fpr_at_tpr": {
              "0.90": 0.0,
              "0.95": 0.0
            }
          },
          "bbse": {
            "auroc": 1.0,
            "fpr_at_tpr": {
              "0.90": 0.0,
              "0.95": 0.0
            }
          },
          "bbse_soft": {
            "auroc": 1.0,
            "fpr_at_tpr": {
              "0.90": 0.0,
              "0.95": 0.0
            }
          },
          "rlls": {
            "auroc": 0.9997863247863248,
            "fpr_at_tpr": {
              "0.90": 0.0,
              "0.95": 0.0
            }
          },
          "em": {
            "auroc": 0.9841880341880342,
            "fpr_at_tpr": {
              "0.90": 0.05,
              "0.95": 0.11666666666666667
            }
          },
          "em_bcts": {
            "auroc": 1.0,
            "fpr_at_tpr": {
              "0.90": 0.0,
              "0.95": 0.0
            }
          }
        }
      },
      "viral": {
        "n": 432,
        "pos": 312,
        "neg": 120,
        "detectors": {
          "uncorrected": {
            "auroc": 0.7148504273504274,
            "fpr_at_tpr": {
              "0.90": 0.6833333333333333,
              "0.95": 0.775
            }
          },
          "mfwdd": {
            "auroc": 0.6590277777777778,
            "fpr_at_tpr": {
              "0.90": 0.675,
              "0.95": 0.7333333333333333
            }
          },
          "bbse": {
            "auroc": 0.8418803418803419,
            "fpr_at_tpr": {
              "0.90": 0.38333333333333336,