{
  "config": {
    "inference_dir": "results/inference/cesnet-tls-year22/cnn/train_week_01",
    "reference_week": 1,
    "exclude_weeks": [],
    "f1_threshold": 0.6,
    "n_win": 8000,
    "clean_seeds": 6,
    "viral_windows": 12,
    "frac_lo": 0.3,
    "frac_hi": 0.85,
    "min_class_n": 20,
    "mfwdd_channels": 120,
    "mfwdd_m": 3000,
    "tpr_targets": [
      0.9,
      0.95
    ],
    "seed": 42,
    "output_dir": "figs",
    "quick": false
  },
  "week_clean_f1": {
    "0": 0.7373386383706424,
    "2": 0.7006644026756429,
    "3": 0.6955083955795803,
    "4": 0.6888412566114631,
    "5": 0.694947415760379,
    "6": 0.6685306714758097,
    "7": 0.6625225043552813,
    "8": 0.66100182487642,
    "9": 0.6464689749583875,
    "10": 0.6083176591801822,
    "11": 0.6014912597975963,
    "12": 0.5950495220013767,
    "13": 0.5855232406677057,
    "14": 0.5744670518924571,
    "15": 0.5591039417934565,
    "16": 0.5648994984082409,
    "17": 0.5570352074894127,
    "18": 0.5552994973425683,
    "19": 0.5496578710840689,
    "20": 0.5397027124471925,
    "21": 0.5336605718418361,
    "23": 0.5286767697013011,
    "24": 0.5330709178056668,
    "26": 0.500452711096008,
    "27": 0.47434718436028483,
    "28": 0.4717092939845617,
    "29": 0.46316658271576955,
    "30": 0.46375004154646854,
    "32": 0.44240518160447445,
    "33": 0.44690627271797406,
    "34": 0.4369115668095607,
    "35": 0.4378078628861758,
    "36": 0.43022263501350516,
    "38": 0.4285193199307732,
    "39": 0.43378947212121266,
    "41": 0.42629204341535726,
    "42": 0.4229028950481593,
    "43": 0.42367037050799067,
    "44": 0.4080211794522042,
    "45": 0.3779206960684026,
    "46": 0.38687718558505396,
    "48": 0.3965948487463079,
    "49": 0.3982136041831095,
    "50": 0.38045543914653795,
    "51": 0.3922554718135822,
    "52": 0.36948116744236664
  },
  "is_anom": {
    "0": 0,
    "2": 0,
    "3": 0,
    "4": 0,
    "5": 0,
    "6": 0,
    "7": 0,
    "8": 0,
    "9": 0,
    "10": 0,
    "11": 0,
    "12": 1,
    "13": 1,
    "14": 1,
    "15": 1,
    "16": 1,
    "17": 1,
    "18": 1,
    "19": 1,
    "20": 1,
    "21": 1,
    "23": 1,
    "24": 1,
    "26": 1,
    "27": 1,
    "28": 1,
    "29": 1,
    "30": 1,
    "32": 1,
    "33": 1,
    "34": 1,
    "35": 1,
    "36": 1,
    "38": 1,
    "39": 1,
    "41": 1,
    "42": 1,
    "43": 1,
    "44": 1,
    "45": 1,
    "46": 1,
    "48": 1,
    "49": 1,
    "50": 1,
    "51": 1,
    "52": 1
  },
  "n_pos": 35,
  "n_neg": 11,
  "benign_spiked_app_f1_healthy": 0.7275246824896774,
  "regimes": {
    "clean": {
      "n": 276,
      "detectors": {
        "uncorrected": {
          "auroc": 0.9998556998556999,
          "fpr_at_tpr": {
            "0.90": 0.0,
            "0.95": 0.0
          }
        },
        "mfwdd": {
          "auroc": 0.9894660894660895,
          "fpr_at_tpr": {
            "0.90": 0.015151515151515152,
            "0.95": 0.09090909090909091
          }
        },
        "bbse": {
          "auroc": 0.9989898989898991,
          "fpr_at_tpr": {
            "0.90": 0.0,
            "0.95": 0.0
          }
        },
        "bbse_soft": {
          "auroc": 0.9853535353535353,
          "fpr_at_tpr": {
            "0.90": 0.06060606060606061,
            "0.95": 0.12121212121212122
          }
        },
        "rlls": {
          "auroc": 0.9996392496392497,
          "fpr_at_tpr": {
            "0.90": 0.0,
            "0.95": 0.0
          }
        },
        "em": {
          "auroc": 0.696969696969697,
          "fpr_at_tpr": {
            "0.90": 0.7575757575757576,
            "0.95": 0.8181818181818182
          }
        },
        "em_bcts": {
          "auroc": 0.9482683982683984,
          "fpr_at_tpr": {
            "0.90": 0.18181818181818182,
            "0.95": 0.22727272727272727
          }
        }
      }
    },
    "viral": {
      "n": 552,
      "detectors": {
        "uncorrected": {
          "auroc": 0.7170815295815296,
          "fpr_at_tpr": {
            "0.90": 0.6893939393939394,
            "0.95": 0.75
          }
        },
        "mfwdd": {
          "auroc": 0.5645923520923521,
          "fpr_at_tpr": {
            "0.90": 0.7196969696969697,
            "0.95": 0.7954545454545454
          }
        },
        "bbse": {
          "auroc": 0.8111291486291486,
          "fpr_at_tpr": {
            "0.90": 0.42424242424242425,
            "0.95": 0.6666666666666666
          }
        },
        "bbse_soft": {
          "auroc": 0.7818001443001441,
          "fpr_at_tpr": {
            "0.90": 0.7272727272727273,
            "0.95": 0.7878787878787878
          }
        },
        "rlls": {
          "auroc": 0.8156024531024532,
          "fpr_at_tpr": {
            "0.90": 0.4015151515151515,
            "0.95": 0.5984848484848485
          }
        },
        "em": {
          "auroc": 0.7225108225108223,
          "fpr_at_tpr": {
            "0.90": 0.7727272727272727,
            "0.95": 0.8712121212121212
          }
        },
        "em_bcts": {
          "auroc": 0.7656385281385282,
          "fpr_at_tpr": {
            "0.90": 0.7121212121212122,
            "0.95": 0.803030303030303
          }
        }
      }
    }
  },
  "headline": "Under benign viral-spike volatility, at matched 95% detection the BBSE-corrected residual cuts the false-alarm rate to 66.7%, vs 75.0% (uncorrected entropy) and 79.5% (MFWDD-style global); AUROC 0.811 vs 0.717 / 0.565."
}