{
  "model_names": [
    "week_18",
    "week_13",
    "week_38",
    "week_14",
    "week_32",
    "week_26",
    "week_40",
    "week_4",
    "week_42",
    "week_41",
    "week_21",
    "week_28",
    "week_48",
    "week_49",
    "week_17",
    "week_8",
    "week_36",
    "week_10",
    "week_1",
    "week_35",
    "week_47",
    "week_3",
    "week_37",
    "week_11",
    "week_30",
    "week_29",
    "week_31",
    "week_12",
    "week_20",
    "week_33",
    "week_44",
    "week_43",
    "week_27",
    "week_0",
    "week_25",
    "week_19",
    "week_34",
    "week_50",
    "week_51",
    "week_45",
    "week_52",
    "week_24",
    "week_39",
    "week_15",
    "week_46",
    "week_23",
    "week_5",
    "week_22",
    "week_16",
    "week_2"
  ],
  "test_week": "WEEK-2022-14",
  "results": {
    "week_0_WEEK-2022-14": {
      "accuracy": 50.31986919675755,
      "loss": 2.2668126833992313,
      "total_samples": 434240
    },
    "week_1_WEEK-2022-14": {
      "accuracy": 59.10464259395726,
      "loss": 1.6650983869282745,
      "total_samples": 434240
    },
    "week_10_WEEK-2022-14": {
      "accuracy": 79.94749447310244,
      "loss": 0.7500843414244796,
      "total_samples": 434240
    },
    "week_11_WEEK-2022-14": {
      "accuracy": 84.12329587324982,
      "loss": 0.5887880023692404,
      "total_samples": 434240
    },
    "week_12_WEEK-2022-14": {
      "accuracy": 87.33557479734709,
      "loss": 0.492963748169938,
      "total_samples": 434240
    },
    "week_13_WEEK-2022-14": {
      "accuracy": 86.8680913780398,
      "loss": 0.48501332460977437,
      "total_samples": 434240
    },
    "week_14_WEEK-2022-14": {
      "accuracy": 87.92718312453943,
      "loss": 0.4326993477436753,
      "total_samples": 434240
    },
    "week_15_WEEK-2022-14": {
      "accuracy": 85.79541267501843,
      "loss": 0.5093493807223587,
      "total_samples": 434240
    },
    "week_16_WEEK-2022-14": {
      "accuracy": 86.76653463522476,
      "loss": 0.5002974571488583,
      "total_samples": 434240
    },
    "week_17_WEEK-2022-14": {
      "accuracy": 86.25023028739868,
      "loss": 0.500132971641854,
      "total_samples": 434240
    },
    "week_18_WEEK-2022-14": {
      "accuracy": 85.31065770081061,
      "loss": 0.6152112238894251,
      "total_samples": 434240
    },
    "week_19_WEEK-2022-14": {
      "accuracy": 85.04076086956522,
      "loss": 0.5868938904708593,
      "total_samples": 434240
    },
    "week_2_WEEK-2022-14": {
      "accuracy": 59.63453389830509,
      "loss": 1.70408263053627,
      "total_samples": 434240
    },
    "week_20_WEEK-2022-14": {
      "accuracy": 83.84257553426677,
      "loss": 0.6237981742128521,
      "total_samples": 434240
    },
    "week_21_WEEK-2022-14": {
      "accuracy": 82.08018607221813,
      "loss": 0.6925171815105985,
      "total_samples": 434240
    },
    "week_22_WEEK-2022-14": {
      "accuracy": 79.92838061901253,
      "loss": 0.8306401411663019,
      "total_samples": 434240
    },
    "week_23_WEEK-2022-14": {
      "accuracy": 81.02385777450257,
      "loss": 0.7685158905204641,
      "total_samples": 434240
    },
    "week_24_WEEK-2022-14": {
      "accuracy": 78.9485077376566,
      "loss": 0.9014857131897217,
      "total_samples": 434240
    },
    "week_25_WEEK-2022-14": {
      "accuracy": 79.1477063375092,
      "loss": 1.0291961780346397,
      "total_samples": 434240
    },
    "week_26_WEEK-2022-14": {
      "accuracy": 75.88130987472366,
      "loss": 1.0253988803047949,
      "total_samples": 434240
    },
    "week_27_WEEK-2022-14": {
      "accuracy": 75.84653647752395,
      "loss": 1.0709444127894536,
      "total_samples": 434240
    },
    "week_28_WEEK-2022-14": {
      "accuracy": 72.634027266028,
      "loss": 1.231314679349971,
      "total_samples": 434240
    },
    "week_29_WEEK-2022-14": {
      "accuracy": 74.05674281503316,
      "loss": 1.1335391666051124,
      "total_samples": 434240
    },
    "week_3_WEEK-2022-14": {
      "accuracy": 54.41276713338246,
      "loss": 1.9954712883725092,
      "total_samples": 434240
    },
    "week_30_WEEK-2022-14": {
      "accuracy": 71.93533529845247,
      "loss": 1.2335841353535213,
      "total_samples": 434240
    },
    "week_31_WEEK-2022-14": {
      "accuracy": 71.98668938835667,
      "loss": 1.2147457434222728,
      "total_samples": 434240
    },
    "week_32_WEEK-2022-14": {
      "accuracy": 69.72388540899043,
      "loss": 1.3317386565703897,
      "total_samples": 434240
    },
    "week_33_WEEK-2022-14": {
      "accuracy": 72.22549742078114,
      "loss": 1.1980298457904694,
      "total_samples": 434240
    },
    "week_34_WEEK-2022-14": {
      "accuracy": 71.13324428887252,
      "loss": 1.3026744748532288,
      "total_samples": 434240
    },
    "week_35_WEEK-2022-14": {
      "accuracy": 69.95831798084009,
      "loss": 1.360166987383638,
      "total_samples": 434240
    },
    "week_36_WEEK-2022-14": {
      "accuracy": 70.14508106116433,
      "loss": 1.3679146696691928,
      "total_samples": 434240
    },
    "week_37_WEEK-2022-14": {
      "accuracy": 70.28762896094325,
      "loss": 1.3393937802437745,
      "total_samples": 434240
    },
    "week_38_WEEK-2022-14": {
      "accuracy": 67.94975128960944,
      "loss": 1.4081497468751585,
      "total_samples": 434240
    },
    "week_39_WEEK-2022-14": {
      "accuracy": 66.6034911569639,
      "loss": 1.4406111626126086,
      "total_samples": 434240
    },
    "week_4_WEEK-2022-14": {
      "accuracy": 54.97789240972734,
      "loss": 2.0210641801752582,
      "total_samples": 434240
    },
    "week_40_WEEK-2022-14": {
      "accuracy": 68.77487103905675,
      "loss": 1.3569991980788456,
      "total_samples": 434240
    },
    "week_41_WEEK-2022-14": {
      "accuracy": 69.1764922623434,
      "loss": 1.3690351067172664,
      "total_samples": 434240
    },
    "week_42_WEEK-2022-14": {
      "accuracy": 68.62771739130434,
      "loss": 1.360897203381657,
      "total_samples": 434240
    },
    "week_43_WEEK-2022-14": {
      "accuracy": 66.64908806190125,
      "loss": 1.4766434906244101,
      "total_samples": 434240
    },
    "week_44_WEEK-2022-14": {
      "accuracy": 66.79485998526161,
      "loss": 1.440428096851006,
      "total_samples": 434240
    },
    "week_45_WEEK-2022-14": {
      "accuracy": 66.3761974944731,
      "loss": 1.514613732645067,
      "total_samples": 434240
    },
    "week_46_WEEK-2022-14": {
      "accuracy": 66.27418017686072,
      "loss": 1.4954489496760976,
      "total_samples": 434240
    },
    "week_47_WEEK-2022-14": {
      "accuracy": 66.76860722181283,
      "loss": 1.4660748473668503,
      "total_samples": 434240
    },
    "week_48_WEEK-2022-14": {
      "accuracy": 67.17299189388356,
      "loss": 1.4088563223665218,
      "total_samples": 434240
    },
    "week_49_WEEK-2022-14": {
      "accuracy": 67.25612564480471,
      "loss": 1.4562122471559198,
      "total_samples": 434240
    },
    "week_5_WEEK-2022-14": {
      "accuracy": 54.31834929992631,
      "loss": 2.0321833406815917,
      "total_samples": 434240
    },
    "week_50_WEEK-2022-14": {
      "accuracy": 66.60280029476787,
      "loss": 1.507152116430447,
      "total_samples": 434240
    },
    "week_51_WEEK-2022-14": {
      "accuracy": 66.1889738393515,
      "loss": 1.7497692631462873,
      "total_samples": 434240
    },
    "week_52_WEEK-2022-14": {
      "accuracy": 61.39001473839352,
      "loss": 1.7475006300557951,
      "total_samples": 434240
    },
    "week_8_WEEK-2022-14": {
      "accuracy": 53.94228997789241,
      "loss": 2.0836615907153226,
      "total_samples": 434240
    }
  }
}