{
  "config": {
    "inference_dir": "results/inference/week_1_inference",
    "reference_week": 1,
    "exclude_weeks": [
      0
    ],
    "f1_threshold": 0.6,
    "n_win": 8000,
    "clean_seeds": 6,
    "viral_windows": 12,
    "frac_lo": 0.3,
    "frac_hi": 0.85,
    "min_class_n": 20,
    "mfwdd_channels": 120,
    "mfwdd_m": 3000,
    "tpr_targets": [
      0.9,
      0.95
    ],
    "seed": 42,
    "output_dir": "figs/week1_start",
    "quick": false
  },
  "week_clean_f1": {
    "2": 0.7370192099568038,
    "3": 0.7373118332290626,
    "4": 0.7278596056173368,
    "5": 0.758014164209198,
    "6": 0.7367022020696178,
    "7": 0.7231622709832115,
    "8": 0.733763883744599,
    "9": 0.7206540215072564,
    "10": 0.5677441157931815,
    "11": 0.44612793881634255,
    "12": 0.4358760217111516,
    "13": 0.43119410485167164,
    "14": 0.42645670274978914,
    "15": 0.4196569489777578,
    "16": 0.4211551444019824,
    "17": 0.4109580200231998,
    "18": 0.4094316997991916,
    "19": 0.4153553216326991,
    "20": 0.4080532207453765,
    "21": 0.4067282244465576,
    "22": 0.40123493679768324,
    "23": 0.4034924043306882,
    "24": 0.4118723567803801,
    "25": 0.4174219806923054,
    "26": 0.40550348062690994,
    "27": 0.4000331047853791,
    "28": 0.4084808728430294,
    "29": 0.40814425864455883,
    "30": 0.41471172279147656,
    "31": 0.40541297206934623,
    "32": 0.4033069719090846,
    "33": 0.39153783611131,
    "34": 0.3833706129575524,
    "35": 0.38112588603917824,
    "36": 0.38200310305864615,
    "37": 0.3807597614713905,
    "38": 0.37573497349443524,
    "39": 0.37858846249351835,
    "40": 0.37967497414412954,
    "41": 0.3784492256437116,
    "42": 0.373984369143788,
    "43": 0.36842131807737183,
    "44": 0.36164988272796644,
    "45": 0.34538252998699637,
    "46": 0.350008504523363,
    "47": 0.3543851969971871,
    "48": 0.35755066840283806,
    "49": 0.3631065997810557,
    "50": 0.3427934122048762,
    "51": 0.3405735761268153,
    "52": 0.3369032810182372
  },
  "is_anom": {
    "2": 0,
    "3": 0,
    "4": 0,
    "5": 0,
    "6": 0,
    "7": 0,
    "8": 0,
    "9": 0,
    "10": 1,
    "11": 1,
    "12": 1,
    "13": 1,
    "14": 1,
    "15": 1,
    "16": 1,
    "17": 1,
    "18": 1,
    "19": 1,
    "20": 1,
    "21": 1,
    "22": 1,
    "23": 1,
    "24": 1,
    "25": 1,
    "26": 1,
    "27": 1,
    "28": 1,
    "29": 1,
    "30": 1,
    "31": 1,
    "32": 1,
    "33": 1,
    "34": 1,
    "35": 1,
    "36": 1,
    "37": 1,
    "38": 1,
    "39": 1,
    "40": 1,
    "41": 1,
    "42": 1,
    "43": 1,
    "44": 1,
    "45": 1,
    "46": 1,
    "47": 1,
    "48": 1,
    "49": 1,
    "50": 1,
    "51": 1,
    "52": 1
  },
  "n_pos": 43,
  "n_neg": 8,
  "benign_spiked_app_f1_healthy": 0.83915263248042,
  "regimes": {
    "clean": {
      "n": 306,
      "detectors": {
        "uncorrected": {
          "auroc": 1.0,
          "fpr_at_tpr": {
            "0.90": 0.0,
            "0.95": 0.0
          }
        },
        "mfwdd": {
          "auroc": 1.0,
          "fpr_at_tpr": {
            "0.90": 0.0,
            "0.95": 0.0
          }
        },
        "bbse": {
          "auroc": 1.0,
          "fpr_at_tpr": {
            "0.90": 0.0,
            "0.95": 0.0
          }
        },
        "bbse_soft": {
          "auroc": 1.0,
          "fpr_at_tpr": {
            "0.90": 0.0,
            "0.95": 0.0
          }
        },
        "rlls": {
          "auroc": 1.0,
          "fpr_at_tpr": {
            "0.90": 0.0,
            "0.95": 0.0
          }
        },
        "em": {
          "auroc": 1.0,
          "fpr_at_tpr": {
            "0.90": 0.0,
            "0.95": 0.0
          }
        },
        "em_bcts": {
          "auroc": 1.0,
          "fpr_at_tpr": {
            "0.90": 0.0,
            "0.95": 0.0
          }
        }
      }
    },
    "viral": {
      "n": 612,
      "detectors": {
        "uncorrected": {
          "auroc": 0.9628552971576227,
          "fpr_at_tpr": {
            "0.90": 0.09375,
            "0.95": 0.2604166666666667
          }
        },
        "mfwdd": {
          "auroc": 0.6617409560723514,
          "fpr_at_tpr": {
            "0.90": 0.625,
            "0.95": 0.6458333333333334
          }
        },
        "bbse": {
          "auroc": 0.9794896640826873,
          "fpr_at_tpr": {
            "0.90": 0.041666666666666664,
            "0.95": 0.09375
          }
        },
        "bbse_soft": {
          "auroc": 0.980640342377261,
          "fpr_at_tpr": {
            "0.90": 0.041666666666666664,
            "0.95": 0.09375
          }
        },
        "rlls": {
          "auroc": 0.983062822997416,
          "fpr_at_tpr": {
            "0.90": 0.03125,
            "0.95": 0.09375
          }
        },
        "em": {
          "auroc": 0.9770268087855298,
          "fpr_at_tpr": {
            "0.90": 0.0625,
            "0.95": 0.125
          }
        },
        "em_bcts": {
          "auroc": 0.9514292635658914,
          "fpr_at_tpr": {
            "0.90": 0.10416666666666667,
            "0.95": 0.21875
          }
        }
      }
    }
  },
  "headline": "Under benign viral-spike volatility, at matched 95% detection the BBSE-corrected residual cuts the false-alarm rate to 9.4%, vs 26.0% (uncorrected entropy) and 64.6% (MFWDD-style global); AUROC 0.979 vs 0.963 / 0.662."
}